3.058405,4.081521,3.492723,1,8.794366,0.2702011,0.8994701,-0.5576431
-0.415317,0.600873,0.1105142,0,2.510864,0.5800387,0.0200139,-1.38464
1.479501,2.430542,1.716458,1,6.157903,-1.093783,0.663815,-1.342552
-0.1579886,-0.0528124,1.133265,0,2.268396,-0.7916617,0.1867748,-1.20502
1.042519,1.435303,1.0634,1,6.187649,-1.3511,1.028856,0.0162777
5.054518,7.172178,5.836819,1,11.51006,0.9468665,-0.4088724,-0.81849
7.949771,10.8798,8.229495,1,20.24269,-0.5931251,1.575152,0.4031373
-1.22916,-2.638875,-1.607894,0,-1.421797,-0.9280249,-1.585251,0.6145856
0.159355,0.2429433,0.5030611,1,3.817766,0.6084932,0.4573571,0.3629413
4.69917,7.232625,5.198282,1,13.87935,-0.0358902,1.784317,1.361437
-1.976591,-3.1852,-3.138409,0,-1.620435,-1.69166,-1.005889,0.6517126
3.35804,4.355088,3.634912,1,9.229735,0.675145,0.7495077,1.600265
-2.041998,-1.324607,-1.915972,0,-1.694936,0.1963296,-2.025181,-1.751188
-2.936902,-3.929358,-2.495209,0,-0.0858008,-1.120914,1.335151,-1.09209
2.67549,5.476935,3.255389,1,5.387726,-0.9502978,-1.153436,-1.301591
6.494982,8.579662,6.047061,1,11.63066,-0.0321821,-0.1248186,0.0958768
1.746178,3.573027,1.793468,0,1.834989,0.448565,-0.9094492,-0.7160402
1.640179,2.957941,2.661406,1,2.7407,-0.4105688,-1.245817,-0.8491876
1.184601,1.993018,1.999807,1,5.533097,-0.4109067,0.5016055,-1.215729
-1.149521,-1.102449,-1.318496,0,-0.3032022,1.02889,-0.0676731,0.5172111
-0.3943626,1.448643,0.4627873,1,4.581183,0.6993175,0.9497104,0.605269
3.547487,6.936288,4.041457,1,11.65547,-0.1462626,0.470512,-1.176681
-3.330621,-3.565358,-3.409565,0,-1.204199,-0.5355448,0.2413118,-0.0701207
4.304362,5.384947,5.334728,1,11.31043,-0.9256317,1.025764,-1.398163
1.898779,3.152756,2.507554,1,2.23356,0.8469865,-1.433693,1.244212
1.126879,1.593549,2.644438,0,3.157482,-0.2836781,0.0540321,-1.101595
-2.51313,-4.461272,-3.333841,0,0.3551081,-1.460678,1.756828,0.8344538
-0.9400108,0.3074861,0.1441592,1,1.891991,-1.303165,-0.0000941,1.898586
2.159614,3.365855,1.666603,1,6.441384,-0.4002633,0.1372569,0.2724777
1.005629,1.60384,0.2677105,0,1.405921,-0.3105174,0.0581426,0.1055385
-3.127551,-3.846824,-2.582609,0,1.187853,-1.635127,1.012249,-0.1328591
2.432947,4.893237,4.914377,1,6.351494,0.2201296,-1.276073,-1.567351
0.0708423,2.663595,2.321582,1,8.770401,-1.293287,1.863459,-1.49629
1.652295,3.407235,2.038667,1,6.884879,0.1381646,0.6858683,0.0662573
-0.0401903,1.51829,1.141671,0,1.944866,-0.5348075,-0.0641295,-0.9720159
1.059888,0.9689786,1.206526,1,3.958939,-0.089001,0.3516452,-1.00047
-2.225573,-1.763168,-0.8719414,0,1.468895,0.1426099,1.512822,1.692508
2.196526,2.625858,1.522427,1,3.243593,-0.3224028,-1.323439,-1.794751
-0.4566036,0.0293921,1.241961,1,4.799145,0.4316381,1.861145,1.019108
-1.962775,-4.280788,-3.029732,0,-0.9104264,-1.60337,0.5876989,-0.6928654
-0.046231,0.743417,1.512948,0,2.519116,-0.5565922,0.079341,0.8516651
0.6071665,0.8018959,-0.399862,1,2.018622,-1.065177,-0.7800206,0.4065401
1.465438,2.998824,2.33048,1,3.502878,0.0579516,-1.401778,-1.319455
-1.406584,-1.377439,-0.8957862,1,0.9702396,0.8444391,0.6529377,-0.0247565
0.6075709,1.033983,0.8237627,1,3.513077,0.8887218,-0.5009294,-0.4910325
-2.982637,-4.671325,-2.86957,0,-1.509506,-1.503672,0.3885152,0.2919767
-0.3136443,-0.0531861,-0.2167396,0,0.8101178,0.7389907,0.0550382,-0.0880349
-3.86303,-4.710684,-4.123796,0,-1.858377,0.5968165,0.4540137,-0.8499787
-1.651148,-1.705516,-2.435489,0,0.1599831,0.1860367,0.3339939,3.062282
0.3480221,0.8317943,0.2111517,0,3.087389,-1.550525,1.142021,-0.4337278
1.719793,2.401827,1.084418,1,4.160626,-0.4594501,-0.8462201,-0.5410535
-4.248889,-3.830265,-4.629657,0,-3.056581,2.104413,0.3555478,-1.047265
-2.450045,-3.136566,-3.431014,0,-2.360627,0.2233454,-1.546009,0.4655592
2.519594,4.286788,2.063562,1,4.771727,0.0698462,-1.178274,1.795493
2.423849,3.375763,2.616494,1,11.44876,0.1382176,2.005698,0.4983485
-0.6009796,-0.3298946,-1.169003,0,-0.8543056,0.3356852,-1.809747,-0.6394562
-0.5700684,-0.3921854,-0.1951172,0,1.41689,0.2146691,1.19493,-0.7830337
0.672074,1.23489,0.3195906,1,4.551657,0.5404131,0.8719772,0.2700595
0.6056827,0.7163077,0.3663033,1,4.744035,1.119341,0.9182599,0.1957675
-3.391487,-4.157296,-4.181749,0,-0.869725,-0.4835529,0.7555729,-1.033101
2.874802,4.421844,3.773727,1,3.939256,0.3347645,-2.1127,-0.0049197
2.340571,2.572507,2.846923,1,2.164063,0.7695221,-1.366487,0.5900308
-4.720113,-6.432893,-5.292244,0,-4.314148,-0.7121455,0.027303,-0.3771694
1.67759,3.561748,1.521767,1,3.537007,-0.3414474,-1.766875,-0.115827
-2.601518,-4.192492,-3.365154,0,1.160799,-1.069635,2.531977,-0.6346762
-1.620399,-1.430019,-0.8541099,0,0.3615548,-0.3893278,0.6165881,0.5340929
2.914512,3.759245,2.555826,1,4.205304,1.7118,-0.2054341,1.232026
-1.655519,-0.6172013,-1.587215,1,-1.178194,-0.4625581,-0.6287763,0.1586887
2.618862,2.797838,2.627945,1,7.163321,1.101494,0.2376068,0.5454678
1.058737,2.69786,2.263428,1,2.735285,-0.1973469,-0.5825708,0.3786629
2.975846,4.08429,2.767446,1,9.986459,-0.6162848,1.239411,1.170263
0.2143021,-0.8328308,-1.090348,0,2.56266,0.2103621,1.458172,-2.244012
-1.210012,-1.006703,-0.8084935,0,-0.9419724,-1.202462,-1.136996,1.363034
0.8994125,0.9206154,0.8737155,0,2.887401,0.7337925,0.7565538,-0.5308253
4.49022,5.379564,4.547194,1,6.762877,0.9425015,-1.054104,0.3241352
-4.052831,-6.741409,-4.929192,0,-2.529157,-2.057807,0.4341596,0.0548091
-1.757889,-2.170695,-1.280734,0,-0.1842037,-0.6570377,1.008347,-0.9195136
8.071901,11.56073,8.971521,1,18.46629,0.0970467,0.367949,0.6396301
-1.035336,-1.558205,-1.005969,0,-1.548709,0.4413452,-1.337856,-0.1264561
-0.1934638,-0.8287005,-0.4905278,0,2.847117,-1.164862,1.710829,-0.5229307
1.848912,1.748135,1.161487,0,2.128167,0.4562803,-0.2174997,-2.0614
-2.314466,-3.51665,-2.480312,0,-1.925815,0.9642287,-0.2416425,-0.0465663
-1.136657,-0.3597346,-1.519128,0,0.0854433,1.918507,-0.7937028,0.002569
0.317516,2.798881,2.018069,1,2.586519,-0.30951,-0.4307741,0.3057632
1.122283,0.1723243,0.6111875,1,3.139934,1.387713,0.0456686,-0.7919036
-1.415992,-3.171012,-2.411421,0,0.2216458,0.8179238,0.1774744,0.5181816
-0.0232546,-0.6054383,-0.4375164,0,1.591199,-0.374168,1.428107,0.5243965
-1.556147,-1.624392,-1.221142,0,-1.415907,-0.6939481,-2.025386,-1.092599
0.1826062,-0.7180749,-0.4550572,0,1.540705,-0.4668815,-0.8250962,-1.600697
3.439295,6.101026,4.27944,1,12.8208,0.0445009,1.294498,-0.1901291
0.3412795,-0.1523716,0.1087704,0,1.523806,1.349525,0.0842025,-0.0353687
2.167424,3.874131,3.119916,0,2.375837,-1.045956,-0.9427924,-0.2705267
2.409914,4.038521,3.275638,1,10.61883,-0.7106969,2.130095,1.139062
-2.975588,-4.563079,-4.302583,0,-2.827001,1.607196,0.1248556,-1.359623
2.551723,7.193696,5.934711,1,9.860208,0.1852435,0.4062549,-0.5252941
-0.0305396,-0.015206,1.374968,1,1.540572,1.233546,0.1141717,1.033055
-3.735188,-5.022008,-3.385544,0,-1.331473,0.370954,0.9345894,-1.020419
3.005872,4.282922,2.988713,1,7.157907,1.82787,0.1330093,-1.621922
3.278728,4.998872,3.863946,1,7.624909,-0.9524228,-0.7497187,-0.1112953
0.4826797,1.807268,1.166199,0,0.6605921,0.6312989,-1.08116,-1.629155
-5.973393,-8.049461,-6.945353,0,-4.021295,0.684832,-0.0646674,0.8159521
-1.806563,-3.199339,-2.562485,0,-2.215723,1.379654,-1.380849,0.871992
2.871948,5.136851,3.096292,1,8.321007,0.2912801,0.4918923,0.1577512
-7.208684,-8.669823,-6.75911,0,-5.982314,0.4929296,-0.4882513,0.4250892
2.305794,3.312841,3.589631,1,5.127798,-1.256962,-1.177177,0.3479248
-4.24047,-5.648002,-6.51241,0,-3.511525,0.0564121,-0.2081984,0.5796196
0.3795621,0.8648766,0.5510492,0,0.1476328,0.3829422,-1.494956,2.028945
2.21612,3.060976,2.075791,1,5.724828,0.5700687,0.365833,1.455424
-3.170355,-4.537852,-2.622779,0,-0.9472444,-1.062346,0.32513,-0.5275255
-2.068582,-1.600356,-1.400123,0,-0.9375045,-1.359695,-0.604416,1.009146
1.663565,2.238124,2.025412,1,5.189107,-0.3284259,-0.315965,0.2573115
9.098279,12.1192,9.334255,1,20.28758,0.6864311,0.8193765,0.719
-3.363451,-4.110972,-3.014187,0,-0.5279459,0.3015559,0.5014454,-0.8463489
-0.4878777,-0.3020126,-0.6162325,1,3.215204,0.0479644,0.8181557,-1.032171
-1.05918,-0.3257891,-0.7695604,0,1.011598,-0.7098455,0.9804018,-0.5633541
-2.124226,-2.638658,-2.079191,0,-0.2986832,-0.5446348,0.4236195,-0.7205412
4.662783,8.636948,7.438199,1,13.0208,-1.750497,-0.1079793,1.328457
-1.11383,-1.681592,-1.227294,0,0.2554004,1.215711,-0.3332514,1.472429
-4.899131,-7.587202,-6.651704,0,-3.074987,1.018075,0.0565521,-0.5586972
-1.442395,-1.488635,-1.071585,0,0.249762,0.4822851,0.4647792,-1.092822
-2.621064,-4.707248,-4.340913,0,-3.253753,0.9459267,-0.8763949,1.211098
-3.016673,-1.901853,-1.787193,0,-1.355105,0.5330526,-0.2319836,0.4242584
-0.9742554,0.1122333,-0.9133683,0,-1.403449,0.1818608,-1.925483,0.5889168
1.269871,1.986974,1.725792,1,7.245774,0.7685881,1.07864,-0.1693562
0.6371657,1.698934,0.97673,0,2.156226,-1.136081,0.3234005,0.3742277
1.211616,2.203211,0.4614218,1,5.886999,-1.392851,0.6172332,-0.503751
0.383714,2.595115,1.481451,1,6.735791,-1.132419,0.7504753,0.5848371
6.288579,8.992398,6.924035,1,12.12924,0.7162371,-0.5670375,-0.1677593
-4.443733,-5.260636,-4.415176,0,-1.944196,-0.9871491,-0.0014355,1.467521
6.761648,9.87885,6.969113,1,14.28364,0.5389587,-0.2591818,1.071577
-2.46505,-3.453926,-2.654789,0,-2.707456,-2.14229,-1.299138,-0.5223072
2.203826,4.084221,2.926149,1,10.48311,0.3101066,1.224956,-0.8304402
-1.505151,-2.535559,-1.328174,0,-0.9768538,1.621628,-0.0114802,-0.4174888
3.087075,4.360803,3.834123,1,9.294323,-0.4426346,0.1843546,-0.0940151
0.096588,0.7603175,0.4301618,0,1.481721,-1.144099,-0.7252555,-1.017411
1.006679,2.345731,1.382689,1,1.074225,1.75527,-1.402291,-0.2078597
-0.5439547,-0.5383358,-0.9959593,0,0.6272097,-1.006123,-0.5728979,-0.6748402
0.9340336,1.310564,1.588133,1,3.370187,0.8660315,-0.0743807,0.9970781
6.642713,8.801354,6.971052,1,11.5966,0.6806132,-0.8331556,-1.363292
-2.012722,-0.8812096,-0.6419288,0,-0.9690925,0.0019739,-0.5318692,0.1215296
4.452495,7.378667,3.923268,1,8.864325,3.209465,-0.5042485,-0.0446579
0.2669657,2.534056,0.2500271,1,3.760522,0.1137978,0.4148525,0.4073375
-1.472741,-0.6663734,-0.4191803,0,0.0761505,0.4995849,-0.0373303,0.4061664
3.818751,6.34722,4.240193,1,9.534957,1.116699,-0.2104607,1.043108
-3.52902,-2.844955,-2.233096,0,-0.5476648,0.5917578,0.7201852,0.7886921
3.109306,3.842955,2.704432,1,5.480174,0.4822044,-0.6922756,0.0560817
-2.552994,-2.29968,-1.856607,0,-0.8566328,1.251298,-1.269817,0.9903461
0.6616048,1.1328,0.4349943,0,0.030062,-0.4378131,-1.215023,-0.5130088
-0.9372039,-1.460107,-0.4573218,0,1.968971,1.91657,0.8200293,-0.6920093
-1.31214,-0.9186295,-1.267061,0,2.585237,-1.139457,1.941513,-0.5281872
1.356432,2.512002,1.121834,1,0.9743497,-0.2921959,-1.671155,1.356829
4.787298,6.501572,4.792322,1,9.281735,0.7092727,-0.6498581,0.8686956
2.049646,1.229301,1.540941,1,3.610398,0.5776418,-0.3433093,-1.605023
4.040951,5.225181,3.426046,1,8.403336,0.3378078,0.4823433,-2.249248
0.0779047,0.1239304,0.0029944,1,6.839402,0.1546874,2.105709,-1.206628
2.74357,3.423862,2.967618,1,12.21421,0.1110099,2.227653,0.4747233
-3.214582,-5.057882,-4.876615,0,-3.306927,0.6803297,-0.4934608,-0.1415968
4.059236,5.877118,3.279847,1,10.71516,0.4899136,0.9698716,-0.7449964
-3.272609,-4.846438,-4.271088,0,-3.666451,-0.180538,-0.1882553,-0.2923782
3.454509,4.627348,3.519857,1,11.56573,-0.5059794,1.466395,1.284409
-0.3483275,1.131389,0.615422,1,3.597394,0.5380441,-0.0741092,0.3835468
-1.31189,-3.760211,-3.181337,0,-0.9674292,0.8309395,-0.2263406,-1.794728
0.6927162,0.1957269,-0.8223953,0,-0.1921366,-0.9676681,-0.9486113,-0.8155801
-2.743101,-3.920331,-3.870943,0,-0.6909822,-0.0828334,0.5195924,-0.9398199
1.277108,2.156924,1.009278,0,1.361208,1.026123,-0.3032674,1.293185
0.5863675,0.7855352,0.0440585,0,2.261817,0.5877438,0.7995041,0.2057825
-1.179708,0.4616391,-0.9892947,0,1.35414,0.4033638,0.7480041,0.7304301
-4.629456,-5.701189,-5.044528,0,-1.278451,-1.329129,1.037668,-0.2355222
1.021714,1.17853,0.0464032,0,0.4276521,-0.8238169,-1.563913,-0.4419052
2.417005,3.392666,2.903159,1,8.522088,-1.299171,0.5893753,0.577511
1.296147,1.365523,2.071084,1,7.38438,0.73486,1.672353,-0.4170344
3.777324,3.392323,2.790708,1,7.459696,-1.075296,-0.4381467,0.1383152
-3.005079,-4.599133,-3.224963,0,-2.871999,0.0303591,-0.9902068,-0.6717202
-1.240623,-1.784915,-0.8742,0,0.7995998,-0.4004942,-0.0124235,-0.3372452
1.707951,1.327644,1.054079,1,-2.022664,-0.6816785,-2.773863,0.5690756
-1.594938,-3.746547,-2.455769,0,-0.9915981,-0.5959854,0.6213233,1.232328
-7.033112,-10.10374,-8.648114,0,-6.053833,1.156431,1.161972,-0.0731435
-3.387693,-4.064304,-4.59381,0,-0.5319535,-0.6966327,1.282043,0.1344362
-1.949051,-2.97263,-2.25314,0,0.7944232,-1.157836,1.226955,-1.12673
-4.47333,-4.195609,-3.132986,0,-2.660393,1.295653,0.9545774,-0.2887467
2.84385,4.098099,1.45337,1,4.98676,-1.451526,-0.7891922,-0.3569485
0.1139558,1.472423,1.872716,0,1.867903,1.028045,-0.2433517,0.382838
1.481139,2.837261,2.237724,0,3.292174,-0.5002161,0.5378348,-2.655364
7.300773,10.78979,8.9245,1,19.78877,1.775921,0.5231439,0.1505345
-2.48036,-3.283868,-2.411412,0,0.218754,1.436121,1.01293,-1.694857
-0.3522864,-0.001085,0.1542096,0,-1.73161,-0.4397616,-1.999238,0.2874075
1.473694,1.82289,0.8736123,1,1.322078,-1.446223,-1.169716,0.5126875
4.482173,6.858219,5.051223,1,13.49534,0.5865946,1.622082,0.3908603
0.5644336,1.437268,1.402487,1,4.754498,1.645931,0.3828324,0.6669662
0.3466388,-0.5253698,0.0562614,0,1.896414,0.251993,0.5690952,-0.6660289
-2.362069,-2.41185,-2.811907,0,-0.0490315,-0.5157716,0.1738292,-0.7840109
-1.632054,-1.947549,-1.376469,0,2.373661,-0.1426327,2.81119,-2.10197
-1.255566,-1.924179,-1.455961,0,0.7218489,-0.2928728,0.568046,-0.5688642
-2.340937,-1.719196,-1.453837,0,-0.9237508,1.648037,0.1363616,0.0399344
4.879413,7.518983,5.255384,1,14.74018,-0.4736079,1.045231,1.616394
3.658144,5.503838,4.558655,1,9.839586,-0.6106091,-0.2186404,-0.8358281
3.701655,3.748362,2.826218,1,8.381955,0.3307863,0.5911059,-0.5628915
-2.595301,-4.252864,-3.382912,0,0.4392639,-2.010361,1.49142,-0.179821
0.220295,1.737979,1.038005,1,4.275784,-0.8211032,0.4195457,0.3359995
-1.006907,-0.2582631,-0.1884705,0,2.676574,-0.8085915,1.376799,-1.580232
4.015264,6.559072,4.553346,1,7.965593,0.4106762,-1.195112,-0.8258646
-0.4706994,0.0009184,-0.8391241,1,3.639465,-0.9679183,0.7430916,1.041792
0.5637785,1.031099,-0.1253337,0,4.545222,-0.060248,2.647961,-1.791511
1.767902,2.028254,1.351133,1,5.241818,-0.6004516,-0.0926914,-0.5936918
6.272096,9.953908,7.18437,1,13.51418,-0.0030874,-0.5028086,0.5654781
1.613487,3.082397,2.268242,1,6.309897,0.188713,-0.121291,0.361269
-0.4626906,-0.3642756,-1.433,0,2.604615,-0.1917167,1.471103,0.4183085
0.3214022,0.5961388,-0.0450718,1,-0.8204994,-2.291714,-1.308621,-2.068247
5.39832,8.312411,5.547809,1,9.461351,1.51268,-1.182046,-0.3903433
1.750806,1.016022,1.66199,0,4.912767,-0.1031588,2.209828,-0.1442369
3.144063,4.122229,1.925487,1,11.13803,0.4128052,2.238086,-0.2367428
3.954867,6.809121,4.576805,1,9.866655,-0.957986,-0.1331618,0.3207021
1.490405,2.249715,2.023437,1,7.057574,-0.318991,1.04713,1.109071
-0.9516897,0.3565104,-0.8243075,1,1.842946,-1.36263,0.0520059,-0.4981461
-0.8823504,0.2905773,0.2836696,0,1.665726,0.240003,0.7479181,0.9637977
3.500113,4.445789,3.871048,1,10.05157,-0.0526905,0.8666348,0.0770987
-0.1474271,-0.1669996,-0.5642123,0,1.273609,0.5276634,0.2325044,-0.2254461
-2.401631,-3.782741,-3.803135,0,0.4973723,-0.127257,2.110577,1.47303
0.3470523,-1.803795,-0.8015114,0,1.694114,1.568794,0.8627853,0.3006373
0.2014213,1.338737,0.8557444,0,0.727704,0.4720511,-1.232264,-0.3729647
2.110042,3.928102,2.159407,1,5.75387,-1.150074,0.1023328,0.2483982
-1.318299,-1.408938,-2.436403,0,1.320238,-1.300993,1.094859,-1.193584
2.954206,5.725668,3.775138,1,11.59426,0.7194229,1.951106,0.6502933
-1.434116,-2.213914,-1.583071,0,0.7366994,-2.821621,1.107643,0.3735425
-1.6754,-2.910314,-1.356472,0,-0.861221,2.221436,0.1095937,-1.225305
-4.213304,-5.977183,-4.240417,0,-3.946002,1.307865,-0.9837221,0.3498572
1.908675,2.454978,2.293221,1,5.010392,0.3208127,-0.0814832,0.7591953
1.603156,4.548814,2.505545,1,2.37975,1.441762,-1.470211,0.4728273
0.5095292,1.347831,-0.1666332,0,2.096799,-0.1526291,0.6182972,0.9295326
-0.724591,0.4123861,0.4278778,0,3.289495,-0.7299657,0.2316517,-0.4901613
-3.488091,-5.501352,-4.251932,0,-2.633234,-0.3541651,-0.8636359,-0.7819738
-0.3215738,-0.5850261,-0.5038835,1,-0.3124228,1.040669,-0.7056689,0.8948143
-3.160083,-1.398724,-2.101861,0,-1.101588,1.235608,-0.2449192,1.285908
0.7721552,2.923332,1.914032,1,5.914693,-1.439545,-0.1916303,-0.9997603
0.0688123,0.5765538,0.4296804,0,1.211763,0.3630725,0.1411037,-0.8870385
0.7243358,0.4933867,1.487678,0,2.841211,0.9906285,1.088847,-0.079951
-0.1365971,-0.1461736,1.220579,1,0.5122051,1.118633,-0.7978993,0.4900268
-0.8224748,-0.8450355,-0.5804584,0,0.6199871,-0.3373159,0.3234457,-0.9078521
2.005691,2.276638,1.370964,1,4.273077,1.013985,0.1056815,-0.75845
1.920672,4.784855,1.595374,1,4.084303,-0.2341508,-0.8395702,1.816777
1.112111,0.8432326,0.1065098,1,0.8715787,-0.9667829,-0.9182717,-0.3815554
7.030543,10.37754,7.560445,1,17.83448,1.639092,0.7156155,1.265228
-0.5695951,0.2966978,0.286151,1,1.103695,0.0310695,-0.4865263,-0.5177948
0.0976947,-0.0599478,0.1933173,0,2.421404,-0.2271803,0.4661903,-0.831275
2.814182,5.089756,3.158859,1,5.393807,0.6118006,-1.312832,0.0854293
2.603256,3.021372,1.507282,1,5.843602,0.5244261,-0.0252285,0.0160563
-0.5126236,0.1874613,-0.5843459,0,0.4225392,0.8384347,-0.1243581,-2.17564
0.9459013,1.728034,-0.4944577,0,0.9720685,0.5715275,-0.4620774,0.1552802
-5.212098,-7.673175,-6.427252,0,-1.344637,-0.6140453,2.530567,0.9659952
2.027577,3.122793,2.405612,1,7.570178,-0.2185913,1.326347,0.7904242
1.370823,1.029808,1.181746,1,-0.1022831,0.5715445,-1.08987,-0.1607046
5.258664,6.083999,4.739241,1,9.005466,-0.4214001,-1.031792,1.075476
2.517046,2.168687,2.330437,1,6.127507,0.1465315,0.9388047,-0.4574547
-1.391589,-3.025496,-2.626702,0,-3.207845,1.156628,-1.060825,1.34816
-0.3676467,0.1065394,0.6488043,0,1.618286,1.194144,0.6797441,1.333208
2.942002,3.993353,3.740108,1,6.406425,1.643293,-0.2250044,1.42169
1.89968,2.99084,2.203446,1,4.104765,-1.043481,-0.3874088,0.6307292
-0.6324961,1.167314,0.218288,0,4.260588,0.7210777,2.821552,0.4098341
0.1531883,-0.3462743,0.1102901,1,1.713581,-0.2394491,-0.5257294,2.19201
1.489977,3.306571,1.908573,0,6.985158,2.12005,3.372524,-2.076556
-7.11354,-8.891404,-8.530361,0,-7.531104,0.1856953,-1.798592,-0.0184505
1.927413,3.427943,2.72863,0,3.526539,1.403219,-0.0879013,-0.9255756
2.357178,3.048605,1.915728,1,1.636747,0.7069322,-1.478321,-1.162974
-1.252295,-1.106646,-1.365371,0,0.6373024,0.3603578,0.7482665,0.02164
1.026485,0.5491373,0.4925958,1,1.980888,-0.0625357,-0.1959382,-0.2952588
-0.074811,1.432941,-0.4440823,0,3.615294,0.3388642,1.51379,0.311638
0.8599709,2.018961,0.4678778,1,5.35471,0.7837997,0.7009819,-1.230145
-4.029909,-5.097141,-4.171317,0,-4.147134,1.849475,-2.076566,-0.1949999
-0.5856652,0.1606461,-0.844115,0,0.4980575,1.024122,-0.3533657,0.70659
-1.282642,0.4616684,0.5183955,0,-1.33807,0.6935779,-3.389102,1.141361
-2.692572,-1.51132,-1.91906,0,-1.258996,-0.6504642,-1.223323,0.9413121
2.922652,4.579418,3.432943,1,11.49449,-2.073674,1.828671,-1.060493
-0.9491063,-0.8848599,-1.49768,0,2.437139,-1.396942,1.923172,0.0727433
-0.7500011,0.020292,-0.3003932,0,0.7726226,2.089716,0.7904272,-1.647353
-1.37942,-1.480371,-1.352612,0,0.4931343,-0.6551744,0.4253637,-0.4709856
-0.8597764,-0.2683074,-1.617236,0,0.3241922,1.495121,0.0829036,1.092699
2.615791,3.950117,2.836874,1,7.994067,1.989745,0.3964126,1.082991
2.385585,4.562053,1.801826,1,10.13446,0.6697826,1.468238,-0.7780507
-0.5459791,-0.5277234,-0.75662,0,1.618742,-0.2485881,0.5562477,-0.7200356
4.219903,5.862895,5.172803,1,7.331654,-0.185396,-1.300505,0.0413251
2.641165,3.696899,2.422383,1,7.428729,-0.8902681,0.0623079,0.9638623
5.769204,8.484813,5.401155,1,12.013,-0.3887886,0.0789993,-0.9094177
5.018291,8.104191,5.476744,1,14.60245,-1.31871,0.867907,-1.425034
1.20171,1.312278,0.0369923,0,3.312748,-0.8650449,1.584449,-0.8972635
-0.811315,-0.1150795,-0.867668,0,4.221383,-1.127484,2.59927,0.4732803
2.673535,2.993831,2.139347,1,7.466977,0.511874,0.1623699,-0.3526376
4.543456,7.404987,6.464056,1,10.82486,-0.4172737,-0.1944155,-0.1950923
2.895654,4.688169,3.441361,1,4.815318,1.255101,-0.874887,0.0706637
2.854672,4.010761,2.606108,1,10.94889,0.4305097,1.318795,1.724096
-2.064322,-0.5383002,-0.1682299,0,0.3013267,0.2897147,-0.0916354,-0.2789599
3.085907,4.014472,3.406148,1,3.580298,-0.292316,-2.204938,1.726175
2.573217,3.043292,3.333008,1,5.96014,0.4658588,0.1674591,-0.2003573
-3.005678,-3.905007,-3.035999,0,-2.87336,-0.1683041,-0.8376225,1.43958
-5.626392,-7.793306,-6.930852,0,-3.617491,1.516977,0.548025,-0.7101527
0.2263575,-0.0195242,-0.1055288,1,-1.996413,1.491353,-1.561489,-0.3836416
4.290993,6.489245,4.826059,1,12.35608,-1.921131,0.5661405,-0.7260897
3.516991,5.547268,4.483514,1,8.673275,-1.052215,-0.5854467,0.9661962
-6.408092,-7.922516,-5.611092,0,-2.756944,-1.541435,1.704693,0.7815835
-2.206769,-3.386986,-2.710761,0,-2.026393,0.2668002,-1.412862,1.090923
3.622483,5.800973,4.255344,1,5.824852,1.977109,-2.049944,-0.5318124
5.721902,9.206729,6.569134,1,15.29187,-0.272914,1.203456,0.6784293
0.2144251,0.4707864,-0.0023365,1,-0.6242354,1.728439,-1.164081,0.0081467
4.245845,5.347939,4.407602,1,8.076932,0.8258131,-0.2676491,0.6268599
-4.019049,-5.193581,-4.531415,0,-1.185219,-0.7625332,1.256984,1.462722
1.103598,1.892926,2.519376,1,6.504268,-0.3147897,1.000777,0.7708833
-0.8236556,-0.8002445,-0.9815758,0,1.006252,-0.7031157,0.0086994,-0.8173642
0.906109,2.405181,1.832048,1,5.767242,-0.5645748,0.0366311,-1.071502
-1.32601,-1.754926,-1.435309,0,-0.5041579,0.7422135,-0.3313594,0.3491871
-2.15707,-2.950247,-1.795428,0,-1.21971,-1.298753,-1.452603,-0.351727
-0.5593961,0.1253397,0.8165309,1,2.314406,-0.7457125,0.3472219,1.14739
1.96506,2.335762,1.917865,1,5.808546,-1.020921,0.6393722,-0.0771751
-0.8588045,0.1991932,-0.1178797,0,0.9287245,0.084279,0.2106725,-0.315564
0.2987075,1.402486,0.5359352,1,5.704528,-2.689253,1.336562,0.2702956
7.35413,8.774737,7.306617,1,12.82019,0.0253004,-0.6184997,-1.004293
1.846229,1.124493,0.6295009,0,1.441286,1.407506,0.0398175,-1.598474
-1.213727,-1.828373,-1.791985,0,-1.717323,0.1513003,-1.23571,-0.5273504
6.848303,7.955944,6.349519,1,14.60538,1.077744,0.8431295,-0.0637169
-4.04415,-4.687611,-4.421477,0,1.32189,2.055922,2.307338,0.0271273
-0.948281,-1.505742,-1.293523,0,-0.1423366,-0.6712618,0.0188557,-0.6089226
-1.531519,-3.400072,-3.796024,0,-2.561254,-0.2764914,-0.665669,1.402296
4.991413,7.233356,4.785673,1,9.418604,-1.495917,-0.6164176,-0.153784
-2.434086,-5.971173,-4.785874,0,-2.961402,0.0242421,-0.2195071,0.020664
1.532983,1.344975,0.0496628,1,2.609782,-0.077408,0.1428008,-0.8474946
3.640014,5.247683,4.707545,1,10.22674,0.1910471,-0.0814846,1.47615
4.387504,5.304991,3.747079,1,8.363844,-1.426545,-0.381278,-0.1807054
-1.907946,-2.067851,-1.544057,0,-0.4807522,-0.674929,0.1031234,-2.194641
-0.1626045,0.0067596,-0.2407339,1,0.1056581,0.89574,-0.5113161,0.670717
2.58218,5.084127,2.672974,1,8.187163,-0.1662752,0.4841085,1.076162
-3.051333,-4.454525,-3.79801,0,-0.7706923,-1.103295,0.6903836,-1.517106
-7.05688,-9.819909,-7.903587,0,-5.332868,-1.056364,0.6576724,1.999266
5.195708,6.794547,5.15679,1,10.62417,-1.042507,-0.3324151,1.034407
-2.50067,-2.880787,-3.201319,0,-1.274369,-1.584706,0.3863443,-0.0848322
-2.35508,-2.423439,-2.032195,0,-1.80411,-1.736171,-0.2856087,0.0470066
2.249798,4.093081,2.230703,1,3.768281,0.7161307,-1.139464,-0.28874
-0.1176868,0.0961334,-0.9835231,0,1.65795,-0.3941928,0.2812558,-0.8837244
-3.324652,-3.883143,-4.348838,0,-3.975539,0.0952903,-1.695492,1.172937
-0.3441384,1.07423,0.6696921,1,2.120531,0.91981,-0.2692596,1.135247
3.624344,5.997541,2.562027,1,6.892573,0.7173396,0.0194648,0.5999683
-6.019766,-7.182492,-5.574965,0,-4.758934,-0.4134985,-1.111023,-2.429729
-2.836339,-3.186389,-2.676691,0,-0.9656537,-2.001794,0.1782135,-0.018023
-3.340971,-3.579227,-3.186071,0,0.1432266,-2.464328,1.096492,0.3147004
-0.1662909,-0.8750653,-0.0521349,0,1.084377,-0.6673967,-0.8648382,-0.8704299
-3.5665,-3.638469,-3.830939,0,-4.093566,-1.176592,-1.844922,0.2004051
-0.1513901,1.38592,1.145393,1,1.696031,0.6673936,-1.006899,-0.5350476
3.886675,4.562225,3.544019,1,10.76208,-1.369297,1.343448,0.7882505
-4.080187,-6.50409,-5.148375,0,-3.427877,0.7361571,0.2623262,1.225266
-1.293289,-1.197323,-1.023276,0,2.392342,-0.0926154,2.442135,1.559334
-2.952266,-3.966211,-3.140632,0,-0.9807608,-0.8165917,0.8526072,-0.5429446
-0.3884859,-0.6147406,-0.4117276,0,-0.7789125,0.1917858,-1.022687,-0.7751423
6.70136,10.73383,6.598389,1,14.22926,0.1538671,-0.4510798,1.333529
0.301071,-0.2831191,-0.1834226,1,0.6441694,0.3025327,-0.202016,0.7394357
-0.2882955,0.0474017,0.5350279,1,2.583347,1.042077,0.5371234,0.1247353
-1.029232,-0.7008572,-0.8540433,0,1.627064,-0.0629331,0.0230934,-0.7785375
-0.0561721,0.1578868,0.8171752,1,1.188819,-0.4406056,-0.506353,2.754378
-1.623606,-1.34367,-1.056243,0,1.311169,-0.1658822,0.4640099,-2.333747
1.608883,2.748202,2.368136,1,4.84485,-1.236573,-0.3162869,0.2050416
1.828385,3.00442,1.574551,0,3.209625,2.418312,-0.0188948,-1.187719
-1.284442,-0.9338387,-0.1818804,1,1.953962,-0.1941877,0.6793741,-0.3427426
-1.042378,-0.019091,-0.1129269,0,0.2406005,1.088444,-0.01294,1.297135
-1.787427,-1.321317,-1.640573,0,-0.0168744,-0.7341208,-0.0536419,-0.2205157
1.310384,2.614146,2.306954,1,6.169828,-0.7102779,0.4660675,0.3501667
-3.781651,-4.427623,-4.005239,0,-1.047707,1.105234,1.146409,0.3350365
1.389374,2.763021,1.179708,1,3.192377,-0.6013219,-1.320757,0.199412
3.268189,4.858257,3.726444,1,10.13553,-0.871692,1.118013,0.5478305
-0.6026282,0.8673021,0.1889992,0,-1.323695,-1.402315,-2.088392,-1.053036
-0.9885838,-0.2339014,-0.2247302,0,-0.6475118,0.1681086,-0.4067841,0.7528934
-1.18019,-2.498512,-2.225659,0,0.7818894,-0.9496089,0.5109438,-0.1830406
-1.715581,-1.652728,-1.452658,0,1.633606,-1.109389,0.9894229,-0.1155923
-0.762495,-1.341621,-0.8396875,0,0.0891231,-1.087144,-0.0565191,0.4004208
-6.605982,-8.648018,-7.372761,0,-3.274063,0.9068327,0.8923939,0.2038704
2.77708,3.930385,2.461255,1,8.061069,1.052925,0.5452292,1.753324
5.664284,8.484085,6.021209,1,11.02532,-0.8345762,-0.9408453,-0.6645703
-1.043674,-1.299548,-0.5541165,0,0.0122709,0.943767,-0.3451487,1.191862
-1.860344,-3.093094,-2.282224,0,0.6934272,1.496324,1.692608,-0.7404158
0.3285633,2.565733,2.024426,1,3.08836,-0.3802713,-0.1693036,-1.582776
2.703885,4.130508,2.749976,1,4.792321,0.3614039,-0.2643597,-0.6993769
0.1108596,-0.1810671,-0.3678737,0,1.418988,0.114039,0.4789129,0.164833
0.1534629,1.040031,1.608734,0,1.397377,0.7246458,-0.1501503,-0.5212325
-1.881481,-3.812551,-3.473631,0,-1.099393,-0.7802706,0.051724,-0.9152817
-0.4335734,-0.1593671,-1.930633,0,-0.4362596,-0.1846732,-0.6556816,-1.082472
-0.1662489,0.6100574,0.6844708,1,2.993316,1.219603,0.9715124,-0.5437349
2.529285,2.693065,2.596892,1,4.711295,0.3111952,-0.7920157,0.4195694
0.2312059,0.3850625,0.3628304,0,1.673401,-0.3004534,0.7842406,0.0082177
-4.337159,-6.111001,-5.165465,0,-3.053828,-1.276239,-0.3687588,0.8645114
0.1383393,0.6355268,0.4103154,1,4.866911,1.789938,1.624143,-0.4034712
1.51493,2.153925,1.340371,1,1.908689,-0.8365766,-1.425711,-1.207613
3.05528,4.429245,3.006764,1,7.586668,0.6780133,0.0645381,-0.3230094
-0.1603253,-0.3454998,-0.0755223,0,2.035783,1.148224,1.62676,-0.8975022
-3.940385,-4.224752,-3.095977,0,-1.457405,-0.1325029,0.8733627,-0.4891063
-2.43735,-5.300694,-4.368758,0,-2.248383,-0.0423806,-0.5711644,0.6066047
-0.7372481,-0.38296,0.1148199,1,0.446996,0.3242149,-0.3996868,1.136538
-5.717636,-8.008133,-6.453908,0,-4.637979,1.649149,-0.086427,0.9521268
0.2905569,0.6412359,-0.1486971,1,0.6582868,0.2754831,-0.3550595,-0.0236686
-0.5272685,0.1527991,0.6240745,0,2.130303,0.0153348,-0.1633051,1.755914
-3.621011,-3.924526,-4.540146,0,-0.3151792,-1.24702,1.493632,-0.2514653
-2.116597,-3.692954,-3.195589,0,-0.8791121,-0.571191,0.4943732,-0.5679087
1.312457,1.076881,0.9117835,0,1.198934,1.987376,0.1797917,-2.186438
6.294768,7.591497,6.265612,1,15.12452,0.2246984,0.684033,-0.0254247
2.410801,3.266384,1.795734,0,3.501242,-1.222797,-0.4703011,-0.1577242
-3.115463,-5.833541,-4.372371,0,-2.207487,0.8261187,-0.1608868,0.0595015
-7.12972,-8.900627,-9.21965,0,-5.822472,-1.539763,-0.2337081,0.3441679
3.941385,6.144619,5.030871,1,8.966039,1.216898,-0.1460816,1.916159
2.372756,2.927847,2.796023,1,6.778184,0.9643207,0.3707843,-2.018218
-4.142262,-4.799441,-3.412256,0,-2.708788,0.5225041,-1.151852,-2.526821
-0.9001907,0.6002741,1.144985,0,2.649516,-0.3091078,2.017853,1.344596
6.371062,9.276806,6.77512,1,12.79354,1.654505,-0.9354796,0.1449312
3.184154,5.978064,3.507285,1,7.800179,2.107564,-0.466203,0.9899993
4.101602,5.66163,4.010495,1,10.57951,-0.0452441,-0.0013327,0.1296878
9.165241,13.6781,12.0991,1,21.55143,-0.0335837,0.0487487,-0.1648734
0.3952603,1.848468,1.148078,0,4.002058,-1.821416,1.805842,-0.3229534
-4.681885,-5.841556,-5.084364,0,-3.456325,0.1081546,1.206138,0.6935086
-1.579247,-2.930217,-1.815919,0,0.5492144,0.230357,0.7843953,0.6134589
0.201336,-0.2091554,0.0085504,0,3.682629,1.035138,1.759728,-0.6007529
-0.3890041,-0.3050669,0.7193433,1,4.189769,-0.3812038,0.9607328,0.7305946
-0.7932013,-1.003142,-1.384958,0,-0.8163213,-0.2151838,0.2838563,-0.596719
1.202444,2.385019,2.884231,1,4.309419,-0.4057494,-0.143,0.5200705
-0.3099536,-1.406025,-0.9696975,0,-2.547099,-0.6758952,-2.095005,-0.9961117
0.6675714,1.80387,2.227731,1,4.083651,0.5952113,0.3836165,-0.1456528
2.771114,4.1084,2.937725,1,7.669135,0.0902061,0.3808515,-0.7813456
2.697615,3.2171,2.681518,1,8.428916,0.3866127,0.9239558,0.46793
1.690269,2.260341,1.435536,0,0.9450139,0.326077,-1.300666,-0.2071076
-3.034992,-3.976408,-2.760759,0,-0.833314,-0.5072266,1.10083,1.552691
1.766927,2.58591,2.539456,1,7.448934,0.019624,0.5742564,0.9751551
3.205403,5.600648,3.151686,1,6.524778,-1.822496,-0.5519833,0.3020115
-1.257839,-0.8061321,-0.951701,0,1.133581,-0.086392,0.7689688,-0.0437457
-1.536774,-2.870833,-2.267675,0,-1.070563,-0.7389978,-0.7110155,-0.8372799
2.610184,5.143534,3.211568,0,4.885932,0.403899,0.8776917,-1.047246
1.528746,2.775181,2.174489,1,5.381126,-0.2107327,-0.6636252,-0.4609281
0.6844621,0.2882661,0.823844,1,1.671468,-2.21559,-0.9212455,-0.285031
-4.053685,-5.138216,-4.385369,0,-2.646557,-0.6947109,0.6096768,-1.264039
3.497533,5.043811,2.291254,1,9.565815,-0.7216615,0.8266108,-1.150633
1.576494,3.013389,2.024174,1,1.862995,-0.3836677,-1.720135,0.2463648
-3.561908,-4.848714,-3.747866,0,-3.340889,1.046045,-1.227401,0.2541144
1.823299,3.120851,2.316788,1,8.023062,0.7470286,0.6704095,0.5544971
3.04938,3.923139,2.637867,1,8.94093,-1.653943,0.3580683,-0.6163868
2.793485,2.688057,1.54918,0,2.214303,-0.7264086,-1.475711,-0.9657691
-0.9309095,-0.4375466,-0.725635,0,-0.4435726,-0.5331516,-1.617337,0.0870623
0.1237013,-0.051936,-0.5629666,1,1.154935,0.8852753,-0.067015,0.7067395
0.9415808,1.565678,1.323318,0,3.199824,-0.3591159,1.135847,0.6550008
3.187202,3.851658,2.934461,1,8.664633,-0.3107155,0.726589,1.305313
-1.02862,0.1416782,-0.360891,0,0.3156051,-0.8886189,-0.3213264,-1.994651
-0.4440776,-0.6628835,-1.09972,0,3.825923,0.5752344,2.068377,-1.030573
0.6422143,0.1132014,-1.042929,0,0.4132081,0.6518742,-0.8944958,0.0343352
4.090346,5.935389,4.780644,1,9.644404,-0.877048,-0.803203,-3.172091
-2.784849,-2.777667,-1.616342,0,-1.761028,-1.317467,-0.5172848,0.4200773
-2.926759,-2.680767,-3.28809,0,1.012447,-0.0042109,1.916644,0.7452028
1.067306,2.069747,0.4995635,0,3.630852,-0.3431235,1.713534,-0.1323023
-0.5061165,-0.7331339,-0.3771979,1,-0.4044174,-1.268643,-0.6217092,0.9104751
-0.6348438,-0.1311802,0.3671224,1,2.931304,0.0559262,0.3737698,-0.7940342
-3.321679,-4.878299,-4.298973,0,-0.5355011,0.347143,1.890182,-0.4789208
0.8039981,-0.0125279,0.4369269,0,1.102953,1.610179,-0.6774654,-0.5658147
-1.182453,-1.967167,-1.994047,0,-1.148248,-0.2993964,-1.434395,0.7239308
1.701862,4.844419,3.902414,1,6.481625,0.3213836,-0.4094088,-1.469729
-5.167689,-6.637112,-5.01733,0,-2.476675,-1.898605,0.2011726,-0.0931704
-3.314522,-5.375421,-3.815142,0,-1.688651,1.8122,0.9188126,-0.343207
-0.7175876,1.525871,0.5120364,0,-0.3787466,-0.2677294,-1.842883,0.2351557
2.047925,3.37205,1.685446,1,5.050964,-0.5830578,-0.2751891,-0.4654526
-0.7401748,-1.182894,-0.5609463,0,0.2280017,0.8399532,0.2554899,0.0669611
-3.208003,-3.865721,-3.917808,0,-1.588987,-1.45765,0.984093,0.3330561
1.41198,1.104727,0.1658773,1,2.169919,0.5932221,0.0062881,-1.280109
0.7395011,3.617669,2.716342,1,5.554042,0.6036963,-0.3266259,-2.548924
1.496305,1.441333,0.8665166,1,6.039235,0.2008421,1.007685,1.366346
5.547529,8.383819,5.544572,1,12.24471,0.1985638,-0.0528534,1.13822
-2.848878,-3.179006,-3.237264,0,-2.274396,1.085532,-0.7624221,-0.6912289
-1.141698,-1.96383,-1.154056,0,-0.1712952,-1.726142,0.1280886,-1.257318
1.507648,2.059462,1.717267,1,4.846364,-0.3253902,0.0970714,-1.145522
-0.1106724,0.7227671,1.231581,0,1.35983,-1.301452,-0.0772286,-2.603734
5.73427,9.136102,6.780485,1,13.59034,-1.178151,0.222646,0.6575249
-0.7991168,-0.8475404,-0.3516285,1,-1.204432,-1.095491,-0.6584882,0.1886502
1.12454,2.284427,2.061724,1,4.508995,1.236583,-0.0139734,0.6143572
-6.848273,-8.636722,-7.095982,0,-6.342083,0.5410015,-0.6942626,0.8094254
-2.130605,-2.210156,-2.367673,0,-1.710747,0.3814663,-0.0340658,-0.4115001
-1.426329,-1.352796,-1.057913,0,-0.3711028,2.273748,0.6497344,1.513904
0.1884815,0.9622989,0.1683789,0,2.963267,1.109816,1.302402,-1.498524
-2.209721,-0.1414969,-1.640232,0,1.758141,1.687385,1.721743,0.4206337
-2.381663,-1.636554,-1.077196,0,-0.1955545,-1.107914,-0.7060438,-0.5470556
-0.4244445,0.7441193,0.0649084,0,2.35939,-1.573396,0.8100188,-0.4393234
-2.895933,-2.675091,-3.216304,0,-2.218102,-0.7528687,-1.284472,2.345334
1.287499,3.387896,2.673529,1,6.672627,0.3519432,0.1557205,1.117311
2.581861,4.055511,2.411321,1,4.153473,-0.5507358,-0.2804893,0.5684341
5.680625,8.454799,6.546933,1,15.62465,1.140828,1.150493,-2.244861
2.077537,3.313732,2.653346,1,5.196737,0.8387825,-0.5409263,0.525331
-3.368467,-4.446308,-3.380688,0,-1.253777,-1.15388,0.8581095,-0.2512642
1.269774,2.603959,1.794459,1,6.359779,1.144146,1.120357,0.2788947
2.253842,3.970438,2.435862,1,6.630569,0.7529061,0.0966993,-1.744573
2.279335,1.698211,1.091544,1,4.239006,-0.0872436,-0.1099472,-0.6880831
3.925462,6.280897,4.791249,1,9.824481,-0.22878,0.2563782,-0.6707984
-8.163855,-10.91001,-8.428309,0,-5.912394,-1.475955,0.367148,0.6592085
-2.606074,-1.733311,-1.345466,0,0.0499392,0.1595615,-0.3915052,0.0955863
-0.3191031,-0.6238711,-0.9413257,0,2.710419,1.652134,1.59772,0.2449381
4.713368,8.188321,5.791343,1,10.08789,1.427678,-0.843862,-0.9612604
0.6748261,0.3479772,0.4395364,1,4.09129,1.737845,0.4528105,0.3139168
1.648015,2.158756,2.186074,1,6.168512,-1.064198,0.320006,-0.1046125
0.1514953,0.5180919,1.360124,1,1.936463,-1.122344,-0.522449,0.0663997
-3.939069,-4.538804,-3.058692,0,-3.546115,0.3772572,-1.265248,-0.2073554
-0.2551073,-0.132681,-0.3425408,1,3.956674,-0.3242012,1.382055,-0.8804944
-6.919127,-8.852643,-7.617627,0,-4.409647,0.7925662,1.066853,-0.5327263
2.374464,2.955838,2.550695,1,9.499052,0.8025013,2.06197,1.873158
0.3456908,2.172672,1.422591,1,3.760513,-0.0298241,-0.3516866,0.5394918
1.458867,2.203952,1.284497,1,5.715511,-0.4378927,0.5000877,-0.5361279
1.168259,0.666453,1.124882,0,2.939684,0.2195514,1.435613,0.1597754
3.518161,5.909216,4.962643,1,11.83197,0.4661742,1.257001,-1.546376
-2.140161,-2.627542,-2.298894,0,-0.87168,-0.9726835,-0.7021298,1.234728
2.629936,5.292575,3.209774,1,6.728849,0.4593085,-1.122865,-0.0148009
4.066976,6.45962,4.303598,1,11.42122,0.446789,0.5986386,-0.3052683
0.1575018,0.1795217,1.00308,1,2.965296,1.322462,0.473621,-0.4882699
1.503874,2.433754,1.244341,1,2.163047,2.113423,-1.006076,-0.4011852
-1.414345,-1.133069,-1.194545,0,0.4893831,-1.168075,-0.5096826,-0.2418379
4.452491,7.703658,6.100933,1,12.43795,-0.1849974,0.3629258,-0.6615655
1.272319,1.54558,0.5800068,1,1.607171,0.6269507,-1.017172,0.2953671
4.69318,7.638889,4.183735,1,11.51738,0.9110299,0.1309397,-0.7144899
-4.14389,-3.11496,-3.999685,0,-0.3900107,-1.365261,0.6445986,0.1056481
1.543483,3.255286,2.114113,1,3.39021,-1.399229,-0.87358,-1.711372
-2.717901,-1.823072,-1.12347,0,-0.2458163,-1.356678,-0.1273918,1.748255
2.533977,4.215231,3.007672,1,9.712221,0.9127795,1.297734,0.2870035
-2.624477,-1.80331,-2.866465,0,-1.632317,1.107688,-0.810252,0.3666661
-3.734768,-3.039092,-3.095086,0,1.29274,-2.286975,1.325572,-0.5406087
4.111564,5.688325,4.637832,1,10.02522,0.0469775,0.6103205,-2.473813
0.9163538,1.656923,2.289665,0,2.971256,-0.4285465,0.7432791,-0.5545443
-1.645551,-1.324533,-1.256196,0,-0.2162287,0.2588968,-0.2450496,0.6837944
2.86544,3.393026,2.862974,1,6.899814,0.9566792,0.1286045,1.037904
-0.9721393,-0.9015305,-0.3426801,1,1.428365,0.1805709,0.5489269,0.5860171
3.947569,4.905387,4.78012,1,10.40607,-0.3249347,0.4582157,-0.2061653
-0.9094228,0.7799772,-1.717137,0,-1.110017,-0.0147337,-1.18917,0.2845588
-1.815482,-1.832909,-3.055085,0,-0.3190762,0.2203621,0.1529981,0.048371
-2.002319,-1.446079,-2.280057,0,-1.536564,-0.8569623,-1.028199,-0.5409291
-0.1103107,-0.2315902,-0.8893984,0,1.508616,1.526953,0.5789766,-0.7849823
-2.700449,-2.521945,-1.987071,0,0.045609,0.1398359,0.5099395,0.9237162
4.206227,6.50533,5.255671,1,12.55349,-0.4750128,1.080077,2.368559
0.3080553,1.250337,0.0133143,0,3.502578,-0.7423523,1.708266,-2.084414
-1.379159,-1.700843,-2.024694,0,1.171708,-0.9392695,0.4047317,0.3427635
-1.849111,-3.404671,-2.022943,0,-1.359506,0.4496213,-0.561194,-0.8290642
-0.2171487,-0.6090191,-1.208395,0,1.697247,-1.707445,0.0936561,-1.231197
1.951771,3.786376,1.987724,1,4.404407,1.144605,-0.657902,0.4328055
0.0825296,0.5241544,-0.4557746,1,2.28942,0.1404552,0.2125611,-0.7384989
-0.4024868,0.0529261,-1.0784,0,1.02307,-0.2133696,-0.6063624,-2.692525
-3.21173,-3.900727,-2.51002,0,-0.5605255,0.241794,0.6438336,0.0872963
3.915322,4.961993,5.350667,1,11.85026,-0.3393871,1.1232,0.3216252
3.762068,5.055907,4.594878,1,10.00959,-1.03086,0.2116645,-0.1778934
-1.923228,-3.388884,-2.048514,0,-2.187436,1.943089,-1.267812,-0.9440485
-4.598742,-6.081173,-4.075356,0,-3.935036,1.168477,-1.145395,-0.0255307
-0.2376264,-0.4688459,0.7462599,0,3.112839,2.050987,1.540663,1.737182
1.144741,1.110103,0.0539574,1,1.386414,-0.5768806,-0.4701827,0.3823258
3.533361,5.540041,5.541651,1,12.56756,1.345785,1.616457,-0.0651027
2.595871,4.58227,2.910845,1,8.634067,-0.5090857,0.3527489,0.7591593
5.157434,6.372965,4.99561,1,8.564577,0.0938626,-1.186388,-0.2037082
-1.286971,-1.028975,-1.801371,0,-1.537071,-0.1991319,-1.165186,-1.17866
2.717394,3.331881,2.98575,1,3.153172,0.3802378,-1.644097,1.013041
2.083498,2.754032,2.596283,1,4.239285,-0.1507523,-0.277072,-1.555442
1.742688,1.900224,1.717034,1,3.172298,1.382192,-0.6490273,-0.2197793
-3.529625,-5.830257,-4.306086,0,-2.308259,-0.7057705,0.4799188,-0.9045208
-0.6512715,0.0333278,-1.191078,0,1.377351,1.174559,-0.0903985,0.9001455
0.4061224,-0.1582379,0.4374878,1,2.521874,2.341882,0.4978578,0.6361726
0.9981251,2.860028,1.250201,1,2.877531,0.728905,-0.7961276,-0.7528576
-0.3972783,0.6893817,0.1191305,0,1.176757,0.067623,-1.052512,0.1555075
-2.437475,-1.34158,-2.004809,0,-0.4400939,0.4720823,-0.8686373,-0.9626815
3.501571,5.976168,4.477064,1,8.386376,0.1733347,0.126734,-1.164497
2.62375,4.040346,2.775386,1,4.862024,0.4283649,-0.7074792,-0.0434086
-3.428171,-5.745287,-5.097548,0,-4.726194,0.2662808,-0.9218671,-0.3078967
-1.397717,-2.922272,-2.692283,0,-1.155491,-0.2848942,-0.6435851,0.7732575
-0.699464,-0.3572323,0.3919721,1,0.2702141,-0.4471944,-0.9110988,-0.9443996
-6.319247,-7.459481,-5.297608,0,-1.51434,-1.443913,1.519544,1.695804
0.9485542,2.058416,0.4960824,0,1.124732,-0.8059974,-0.7298735,0.2175754
0.1573941,0.4983901,-0.3109696,1,0.5063336,-1.401378,-0.5183854,1.348814
1.662273,0.8945578,0.6644949,0,1.292445,-0.9019259,-0.6524664,-0.8430861
3.582716,7.328615,5.262391,1,10.27236,-0.3138331,-0.11538,0.3171439
3.942659,5.637816,4.389677,1,8.142445,-0.0107302,-0.501797,-0.738279
4.892419,6.084468,4.218938,1,8.508862,1.028481,-0.2677898,-0.9861851
-2.697744,-1.782302,-1.857966,0,0.6815002,0.0498756,0.6520879,0.6058432
1.411267,1.725685,1.655798,0,1.138438,-1.135913,-0.6145703,-0.8596026
3.480452,5.675286,4.142516,1,9.096417,0.2965559,-0.0385748,1.053116
-1.530519,-1.819256,-2.023736,0,0.1477124,0.6166236,0.5361714,-0.7235019
-1.709919,-1.870271,-1.205106,0,-1.412684,0.2675892,-1.239767,-1.394895
-1.703419,-1.180216,-1.234296,0,-1.657424,1.12322,-0.9063573,-1.124448
-2.70877,-3.319323,-2.86612,0,-1.039208,0.4523633,0.1446138,1.458832
-1.330044,-1.754406,0.0330763,0,-0.2881486,0.7503467,0.1725875,0.5064796
-3.662459,-6.248492,-4.430771,0,-3.71001,-0.9370407,-1.061614,1.189879
-0.6178702,0.6574758,0.5372352,1,4.120007,0.2835982,0.0943339,-0.8123996
-1.488719,-2.974306,-1.79616,0,-0.0459979,-2.173041,0.2209738,-0.1136297
-0.1673628,0.4617213,0.2693765,0,3.512965,1.080546,1.801578,-0.3047758
3.126656,2.698608,1.856782,1,4.042548,1.247722,-0.1599924,0.8538375
0.6721956,0.9729521,0.6974376,1,2.652942,-0.8066205,0.27962,-0.247842
-2.179626,-1.366251,-0.5567621,0,0.8954862,-0.0072043,0.5173075,0.2954482
-1.712808,-1.862533,-2.109001,0,0.7965564,-0.516347,0.3573046,-1.366392
1.333137,1.613403,1.18857,1,4.727799,-0.7045865,0.2546995,-1.421578
-3.771923,-5.438021,-5.128032,0,-2.282828,0.2348394,0.8281922,0.8356903
-3.016434,-3.873029,-3.010877,0,-0.644618,-0.3945562,0.451332,-1.631258
2.505322,2.820978,2.273678,1,5.096629,-0.4043455,-0.7446656,0.6471167
4.071037,5.250618,2.72137,1,9.393023,-1.091017,0.8058258,-0.6688092
-6.347024,-7.116587,-6.06402,0,-3.3839,-0.9820427,1.387708,-1.178907
-4.133265,-5.972251,-5.094073,0,-3.159547,-0.9730896,-0.3434864,-0.1327094
-0.9533063,0.4535227,0.6776971,0,1.447203,-1.329334,-0.8025877,-1.469862
-5.708792,-8.086867,-6.605651,0,-3.370515,-0.1120042,1.137123,-1.457222
0.9912768,1.720039,0.3682271,1,5.595953,1.368363,1.264165,-1.977852
-1.374114,0.3373872,0.3597265,0,1.164046,0.9116418,0.439684,-1.174455
-3.028222,-3.750723,-4.504029,0,-3.415013,-0.5914793,-0.617081,-1.336045
3.359138,4.942666,5.2248,1,8.676393,-0.327875,-0.3190267,0.6038743
3.86156,5.856204,4.088375,1,10.88214,0.1606696,0.7336971,-0.3615583
4.716635,6.900798,4.858303,1,13.93751,-0.2972324,1.396681,0.845647
3.305929,3.080624,2.633373,1,3.188387,-1.41617,-1.732896,-1.812109
3.922638,5.039392,3.532918,1,6.449717,1.772235,-0.7271605,-1.104008
2.994757,3.577402,2.423566,1,7.790761,-0.772255,1.319113,-1.052253
3.158354,5.175837,3.779198,1,7.508112,0.0595492,-0.4042506,-1.208629
0.7974088,0.507919,0.6446711,0,1.294948,-0.7858072,-0.5796996,0.5056135
-1.669563,-1.995093,-1.949449,0,-0.7694783,-0.0082197,0.7989104,-0.4039168
1.183165,0.6482326,0.4704405,1,0.5266509,0.5256807,-0.8052306,-0.8379515
0.6162127,0.1965722,-0.1578127,0,-0.2058907,1.121157,-0.9988094,-1.574944
-4.909126,-7.708707,-6.634576,0,-4.721242,0.1290859,-0.2404225,-0.6548857
1.710543,1.177436,1.407713,1,4.67197,0.1991072,0.3799995,1.169931
-2.246186,-3.097935,-2.35877,0,-2.25352,-0.9291677,-1.001327,-0.4775394
-0.2764152,0.8520081,1.106259,1,-2.000896,-0.7133892,-1.778399,3.206967
1.62964,4.024184,1.651202,1,5.617544,-0.9445283,-0.3069726,1.053321
3.948481,4.701195,4.082916,1,7.265775,-1.091295,-0.7811366,-0.0469631
-0.7265371,-0.188533,0.3678181,0,1.83301,-0.5323104,0.2221729,-0.5580274
2.460106,4.297171,3.219324,1,4.72104,-0.164614,-1.323175,0.7294815
1.347837,1.926694,1.591259,1,4.703018,0.4237152,0.9827803,1.576651
3.892337,6.718276,4.855395,1,9.926838,-0.6309292,-0.2376384,-0.476092
-3.479056,-4.115227,-4.30835,0,-0.9562721,0.3620001,0.8073741,-0.6331587
-0.3657778,0.872929,-0.1974252,1,3.49192,1.290935,0.8320233,1.851978
-3.305207,-3.484015,-3.412593,0,-0.3733579,-0.6989558,1.03409,-0.8065819
-0.3916418,-0.0885912,0.1509867,0,0.438153,-1.115687,-0.0364935,-0.4425229
-5.297124,-8.671947,-7.217491,0,-3.94026,-0.4362586,0.5852014,-1.660425
5.990499,8.27575,6.823904,1,13.37219,0.2284354,-0.1313388,0.2700623
-1.922228,-2.183274,-2.021204,0,-0.211226,1.264084,-0.4125389,-0.6956984
-3.725682,-6.4006,-5.054014,0,-0.9339307,1.115072,1.625445,-1.573156
-4.974895,-5.464859,-5.678792,0,-3.155573,0.0508999,0.9653105,-0.3417756
2.971813,4.956081,3.28341,1,9.199418,0.0406674,0.9022076,-1.10453
-0.5652376,-1.811268,-1.751677,0,-1.752314,-1.171356,-1.697076,1.169831
-0.463176,-0.8005854,-2.683301,0,-0.8039473,-0.6590655,-0.4657791,0.3021323
-0.8762946,-3.005062,-1.432895,0,0.8883775,0.085766,0.8459376,1.020261
-2.174415,-4.362146,-3.021795,0,-1.959283,0.0415457,0.5244229,0.4216912
1.957226,3.018932,3.061135,1,8.921356,0.7697765,1.229105,1.094307
-3.421547,-4.636524,-4.79134,0,-2.053199,-0.4577242,-0.1964605,1.070614
-4.874316,-4.010627,-4.51039,0,-3.101648,1.542861,-0.1969437,-0.2077908
0.889121,-0.1501269,0.2833284,1,0.2889266,-1.300694,-0.9179498,-1.431728
1.310048,0.8193589,0.7068315,1,1.442509,0.9663351,-0.2113893,1.099998
0.1843102,0.9330634,-0.2559164,1,-0.9001939,0.2967752,-1.464803,0.223617
2.568243,4.873846,3.631618,1,9.999637,1.308529,1.368762,-0.0081271
1.474586,2.897124,1.472747,1,4.460862,-1.46718,-0.6314618,-0.1607625
4.764134,5.782014,4.492499,1,6.689266,0.7418744,-1.541626,-1.469289
3.225024,5.304875,3.514922,1,8.664088,0.5981573,-0.6100336,0.2998412
7.667339,10.29078,7.551332,1,16.70854,0.6464809,-0.1266733,0.1542648
-4.152278,-4.754048,-3.734979,0,-4.037843,0.4626457,-2.447447,-1.179341
-0.5627493,-0.8208204,-0.0150924,0,1.024213,0.7308245,-0.1991744,0.3381929
-0.8589845,-1.037085,-1.787815,0,1.178239,-0.3615728,1.557894,-0.1510748
-1.190948,-1.382949,-1.075346,0,-0.2579742,0.9378093,-0.2059331,1.235371
0.6575481,1.389188,0.8379945,1,3.316464,1.155631,-0.1957755,2.451943
7.980412,10.4294,9.221449,1,17.79418,1.187927,1.042952,1.295043
3.021848,5.413287,4.883975,1,10.60578,0.0552829,0.8542171,0.1028369
-0.7035834,0.3188159,-1.096034,0,1.528755,-0.1534973,0.7027963,-0.1330704
2.918482,4.500966,3.792712,1,6.860942,-0.691126,-0.1288158,-0.1381391
-0.971911,-1.218098,-1.417556,0,-1.176639,-0.8708054,-1.372566,0.1949799
2.058737,3.624395,3.245532,1,6.289112,-0.6241235,-0.6581037,-0.0401974
-0.4369813,0.5769966,-0.390682,0,1.775358,0.5556206,-1.006279,-0.5638986
2.616492,3.067229,1.801915,0,1.598094,-1.253738,-1.517914,-0.6232539
1.965502,3.574566,1.084015,1,6.049232,0.0192877,-0.4892606,-0.1144976
-2.460219,-2.740012,-2.037642,0,0.7253108,-2.050417,1.435258,1.163301
2.493764,2.932412,1.547061,1,5.701783,-2.058584,0.1262233,0.3683966
0.5909477,2.36982,1.759789,1,6.881314,2.92282,1.42113,-0.3175615
1.854628,3.285704,1.95301,1,1.869528,-0.7941536,-1.700385,1.53858
-0.5455682,0.6307378,-0.7914829,0,1.183347,-0.3631901,0.5835369,-0.9534339
2.005063,2.84383,1.590356,1,5.197562,-1.394047,-0.3672418,0.3645694
-3.406212,-6.413584,-3.834072,0,-0.3113813,0.7112091,2.088836,0.8076791
-0.838267,-2.697482,-2.180567,0,-0.2086533,-0.1731385,-1.138225,0.8689929
-3.643544,-2.117208,-2.133618,0,-1.149616,1.310389,0.089156,-0.8903396
2.072169,4.704074,3.238887,1,9.877858,-0.1252995,1.257165,-1.353689
0.5754763,1.721497,0.2879904,1,3.442353,0.2336325,0.7751629,0.3951593
4.71694,6.591437,3.731453,1,9.843244,-1.264388,-0.412949,-0.6219531
-3.042767,-2.729173,-2.774309,0,-0.1566407,-1.395068,0.8453464,-1.305015
0.9646141,1.296839,1.038016,1,3.993995,0.3523774,-0.015422,1.684866
-1.740619,-1.982122,-1.472074,0,0.2156526,1.652354,0.8528866,0.8030618
3.656411,4.771449,3.49271,1,11.00817,0.0102067,1.373968,1.062192
1.007647,3.408341,1.885894,1,2.475702,-0.6124885,-1.613488,-0.2506061
-0.2926387,0.4175681,0.5923762,1,3.115565,1.845265,0.5727197,1.23052
1.088972,1.283528,1.034539,1,4.743674,-1.837339,0.5087914,0.7446747
5.126116,7.060216,5.653063,1,11.17488,-0.1958348,-0.6351782,0.7363632
-2.024209,-2.110551,-2.591625,0,-2.811925,1.065027,-0.9238253,-0.689216
6.705135,7.434157,7.048504,1,17.94966,-0.8674197,1.733137,-0.2892032
-1.610472,-1.022712,-1.290121,0,1.731149,1.311952,1.677571,0.9129654
-0.5847241,1.131754,-0.7460553,0,3.720106,-0.8558352,1.465364,-1.42989
1.126605,2.348813,1.827577,1,0.9376218,0.3257131,-1.579421,1.532542
3.209965,4.420117,3.588358,1,5.709866,-0.5195503,-0.7158465,0.1839385
1.964538,2.209372,3.103775,1,4.552403,-0.2298676,-0.9657803,0.1998609
-0.5122209,-1.142597,-0.5672123,0,0.5531426,0.4461552,-0.1319108,0.6152706
-3.513005,-4.983101,-5.402391,0,-2.013454,-1.323428,0.2305878,2.100801
0.2944311,0.5281498,-0.7072064,1,1.120803,-0.5148396,-0.1162831,1.567589
3.100416,4.412519,3.276824,1,6.85776,0.3979033,-0.3860283,-0.6046482
-8.30319,-7.975241,-7.39442,0,-5.238814,0.440173,-0.6413864,0.3028123
-3.462174,-4.30893,-3.72292,0,-1.897233,-0.2164299,0.1621698,-1.063091
3.245256,5.253151,3.80461,1,8.803801,-0.5803196,0.078103,-1.743899
0.5252987,0.5546724,0.2099083,0,2.892268,-1.698452,2.045967,0.0682384
-1.715586,-1.259992,-1.981286,1,-1.976393,0.8123293,-0.5870568,-0.7693506
-3.885685,-4.634378,-4.735068,0,-1.439819,2.924595,0.5404488,-1.012146
2.810059,3.0197,2.826898,1,9.950506,-0.2386807,1.126347,-2.318907
1.237854,0.540784,-0.8536997,1,3.409831,0.8627894,1.204977,1.158785
7.30142,9.59269,7.639113,1,14.17541,1.665462,0.0764182,0.8642462
-0.8449641,-1.30691,-1.195151,0,0.0619799,1.342945,-0.7406714,1.48334
4.723827,6.781615,5.436629,1,12.7007,-0.6179504,0.5873211,0.3607543
1.950804,3.468062,2.559122,1,7.83324,1.545801,0.6772485,0.8659734
-5.092975,-5.55115,-4.290918,0,-2.569107,0.2408327,0.8118396,0.6917641
4.766083,5.825445,4.756029,1,10.19231,-0.0304437,-0.0184238,-0.0321174
1.796857,3.659543,1.745573,1,9.364487,0.1487605,1.543939,0.3960685
0.5290926,2.426993,0.7270571,0,1.04378,-0.0244081,-1.168976,-1.362497
-1.152578,-1.833127,-1.434502,0,-0.9433414,-1.150355,-0.6168358,-0.2233859
0.1302544,1.220649,0.6480772,1,4.251901,-0.3394111,0.1237171,0.3784439
-0.8461326,-2.04371,-0.4844135,0,-0.0951382,-1.142583,-0.9836498,-0.7854913
5.357709,8.657487,6.164331,1,17.63767,-0.1518763,1.984865,0.2628693
-3.058977,-2.985588,-2.731457,0,0.9081872,-0.1706117,1.480329,1.300699
1.669945,1.423265,1.142608,1,5.655266,-0.8943249,0.7751223,0.5327502
-3.430002,-2.897535,-2.807418,0,-1.578299,1.605044,0.0111443,-0.2683175
-0.3533294,1.52331,-0.1733879,1,0.8450779,-1.404562,-1.18571,0.9363766
2.768127,2.492031,2.512971,1,1.634106,-0.0194239,-1.992545,0.0312974
1.400644,2.585155,1.256559,1,5.018946,-0.3365702,0.3644171,1.338193
-2.020559,-0.7185868,-0.5180727,0,1.176895,0.6533136,-0.3650789,0.7982951
1.591999,2.528995,1.446621,1,2.66613,-1.397573,-0.6441222,-0.5793079
-2.855532,-5.20182,-3.682561,0,-0.3649144,0.7917351,2.237295,-1.793624
-4.299817,-5.893004,-4.199192,0,-2.410284,-0.2153282,0.760903,-1.587378
3.763226,4.200652,4.826019,1,2.633803,0.2046183,-2.2184,1.130447
0.1149843,0.5465838,0.6586478,1,5.027041,-1.144154,0.8601159,-0.0909499
0.4825762,1.829421,0.0137288,1,1.905874,-0.112085,-0.2101379,0.2304991
-0.6826542,-0.7604553,-1.129753,0,3.170653,1.807828,2.057601,-0.6751313
-6.890218,-10.2358,-7.443069,0,-7.117326,0.0781546,-0.6318463,-1.348404
-2.561232,-2.395037,-1.510741,0,-2.063679,-0.0183066,-1.819548,0.4240917
-3.130763,-3.417988,-1.933917,0,-2.373431,-1.205696,-1.651681,0.6208137
0.2939113,-0.3846891,0.8922331,0,1.831062,-0.3849534,0.7468657,-0.6765891
-2.585395,-3.682649,-2.176398,0,-2.237816,1.072387,-1.081738,-0.2533205
2.363762,4.073932,4.892822,1,6.74272,-0.9826105,-1.034356,0.3417112
-2.152327,-2.718952,-1.529087,0,0.577678,-0.1117127,1.63617,1.3407
-2.816926,-2.269733,-2.217631,0,-0.5285546,-0.6961721,0.1208139,0.7156946
-2.57107,-3.657999,-2.140501,0,-0.703874,0.1224685,-0.4831844,-0.8299239
1.314831,3.104435,2.433216,1,7.625983,0.6937315,1.079186,1.651914
4.465246,6.330178,4.126227,1,11.96661,0.8220651,0.8213363,0.3824451
2.471104,3.986967,3.075706,1,9.806482,-0.0570221,1.640202,0.2226218
0.9392326,1.27274,0.5197318,0,4.076663,0.0686556,2.518023,0.2883188
-1.693194,-0.5355542,-1.877735,0,0.9456866,0.4041086,-0.7179608,0.525423
0.065553,0.3267944,-0.1058824,0,0.7668545,0.6752425,-1.187591,-0.4737159
1.177736,0.9476055,0.7375804,1,5.677204,0.7512286,0.698751,-1.224428
-1.677019,-4.094836,-2.147922,0,-1.945386,1.38525,-0.7170999,1.005718
-2.735245,-3.626894,-2.986809,0,-2.523487,0.1538927,0.2736942,-0.159289
-2.609728,-4.138681,-3.667271,0,-1.842962,-1.212328,0.3463231,1.042426
-1.175857,-0.2086828,-0.2330987,1,-0.3077555,-0.1049496,0.1858128,0.4802209
-2.462713,-2.332108,-2.950978,0,-0.5384381,-0.4221483,0.4444121,-0.3171087
2.835845,4.168489,2.758958,1,5.790059,-0.550841,-0.4196472,-0.1825532
-0.725318,-0.3130831,-0.0186369,0,-1.056034,0.8408635,-2.477156,-1.811836
0.9969649,1.943764,0.7857575,1,-0.4942743,0.3868103,-1.556696,-0.4758766
-0.5330007,0.1909971,-0.7332963,0,-0.3728642,-1.984725,-1.112183,-1.12643
-1.243016,-1.534063,-1.244701,0,-1.374101,-1.230549,-0.8660989,0.8776692
-3.526063,-4.198453,-3.479543,0,-3.454165,0.3578905,-0.4248347,0.9264799
-0.2477344,1.301217,1.660647,0,3.027575,-1.015553,0.6575415,-1.701129
-0.8233298,1.540726,0.3900518,1,1.969674,2.384044,-0.2953683,-0.1675027
-0.6240803,-0.8369144,-2.624201,0,-0.70719,-0.9132914,-0.4626343,0.6903765
0.2940481,0.6899084,-0.3621354,0,2.095489,0.1231705,-0.0341522,0.4941238
-4.072908,-6.225755,-5.443159,0,-2.671928,-0.8183614,-0.0483947,0.8964245
-3.142105,-3.189759,-2.936835,0,-2.014238,1.164356,0.2260277,-0.505173
0.1723462,-0.6134376,-0.6120257,0,0.407625,0.1479645,-0.359731,-0.2600117
-6.033945,-8.781599,-7.768872,0,-4.565285,-0.3448688,-0.5925487,-1.373425
0.9611056,1.833316,0.8386829,1,1.22346,0.7197618,-0.5566272,1.01212
-0.790337,-2.319811,-1.847162,0,-0.2956223,-1.030987,-0.363895,-0.4090064
2.922057,2.40581,2.696204,1,4.867527,1.965,-0.2336706,-2.236673
0.9869998,3.346623,1.559744,1,3.800251,-1.623561,-0.1891137,0.4931329
0.0240346,2.087286,0.5107664,0,2.60286,-0.0407725,0.6667299,0.1309705
0.2317259,0.0365342,-0.4130518,1,1.219579,1.135077,-0.0470296,2.126136
1.780921,2.13632,1.915524,1,3.23244,0.8280515,0.4484763,1.218406
2.275911,3.175419,2.043223,1,4.155169,-1.19372,-0.8289224,0.9459793
1.09114,3.94625,2.915128,1,8.095202,-0.4394013,1.213307,-0.1595052
1.035146,2.075225,1.195759,1,-0.1805368,1.205777,-1.503874,-0.1500302
-2.673539,-5.373933,-4.167365,0,-0.7202196,-1.399211,1.421147,0.6731573
1.740261,3.276554,1.712995,1,6.950401,-0.267757,0.1491236,-0.4731652
0.4714119,1.369341,1.228829,0,1.860801,-0.2004101,-1.004837,0.238498
-1.844991,-2.729194,-2.137427,0,-1.359781,-1.425813,-1.165866,-0.6878198
2.681813,3.568766,3.553387,1,7.275969,-1.208837,0.1151657,0.0995555
2.932603,5.545905,3.362664,1,9.645994,-0.292149,0.8109513,0.728306
1.245986,1.545463,0.9976246,1,2.506866,0.1030577,-0.3831417,0.4764822
2.056683,2.531196,2.655321,1,5.391604,0.4195344,-0.1041206,-0.1962952
-1.885982,-2.345346,-2.692878,0,-2.868149,0.7320619,-1.635007,-1.530161
4.593143,5.349373,4.403622,1,8.600165,1.338452,-0.1538924,-1.810199
-0.6912248,0.5113905,-0.4947203,0,1.639041,-0.9294479,-0.1462498,-0.5978186
2.402508,2.454747,2.697132,1,7.088788,-0.0291662,0.531029,-1.334861
3.600055,6.573793,4.693031,1,9.899955,1.093897,-0.1611748,1.078204
-3.326172,-2.189335,-2.29986,0,-0.503866,-0.0505129,-0.7067667,-0.3837798
2.706254,5.295192,2.588972,1,10.26774,2.047119,0.9547502,-2.061479
-3.509452,-4.498296,-2.652349,0,-2.149081,-0.4825655,-0.6185696,0.2597126
-1.885781,-2.314926,-1.921881,0,1.046408,0.4315831,1.512442,-0.0305085
-5.802455,-7.071898,-4.670161,0,-2.912997,0.040553,0.7081681,-0.556788
-1.997901,-2.316526,-1.786962,0,-0.2509925,0.7276437,0.0487728,2.165956
-1.462825,-2.095394,-1.064082,0,-2.218422,0.3687711,-1.309271,0.2553361
4.814837,5.349786,4.732815,1,8.36026,-1.007426,-0.7333096,0.7410221
2.859876,4.70898,2.120814,1,3.332935,-0.072809,-0.9511759,-2.158552
-1.377046,-1.256714,-1.661337,0,-1.054191,-1.624436,-0.3298134,-0.299424
-3.05525,-2.757536,-2.152429,0,-1.495114,-1.644305,0.1726189,0.0420739
-1.225961,-0.2645495,-0.319234,0,-0.4441096,0.1834715,-1.39768,-0.9258288
1.960312,2.876876,1.626141,1,6.650614,-0.4154002,1.372573,-0.9912912
2.378632,2.281281,2.847588,1,6.729959,0.6062692,0.6505858,0.7079372
-0.8450793,-2.290296,-1.015409,0,-0.7563676,1.383531,-0.264146,0.8134926
-4.103082,-3.545266,-4.192937,0,-1.430483,1.813208,0.7509089,-0.65467
-4.651399,-7.216252,-5.653524,0,-3.731167,0.8081826,0.2169364,-0.5715719
5.350118,6.095328,4.031611,1,12.11605,0.2253694,0.9077998,0.0465243
-3.203346,-3.861723,-4.062035,0,-0.2036558,-1.770293,1.343671,0.2854509
-1.470637,-1.38807,-1.15778,0,-0.7089022,0.4719113,0.2010286,-1.243662
-1.666623,-0.4269595,0.1351869,0,1.349904,-1.763771,0.7494379,-0.7630885
1.041659,1.808089,1.730438,1,6.33968,1.679878,1.471377,0.5104064
-0.3913742,-1.270468,0.0120148,0,1.523443,-0.5070288,0.7430599,-0.4213817
-2.114616,-1.568606,-1.596985,0,-0.1116796,0.6714731,0.5865996,-0.4619447
-0.9266496,-0.4084237,-0.7997147,0,0.5872931,0.7847757,-1.35972,-0.570937
1.807923,2.198277,0.9556307,1,5.105316,0.4552034,0.6723338,-0.0827689
2.796688,4.472905,4.249439,1,7.732929,0.1904946,-0.0295339,-1.463525
1.986588,3.976373,2.170581,1,7.767869,1.012863,0.4570442,0.0505964
-3.266115,-3.847514,-4.115926,0,-2.219054,0.0285575,0.3234642,2.045022
1.465675,1.53194,1.259387,1,6.704691,0.3960995,1.143917,1.19711
1.077345,2.215559,1.776806,1,4.188092,1.855232,-0.1624198,-0.7089925
3.410466,4.967268,3.382982,1,5.469374,-0.012776,-0.8341714,1.236019
-0.6499423,-0.1570938,-0.6780885,0,2.935164,0.4920497,2.177791,-1.222795
-4.407541,-5.320652,-4.376425,0,-1.950882,-0.3208351,1.210846,-0.8031672
0.0715932,0.6506019,0.6131803,0,0.5473946,-0.0233078,-1.06127,-2.845528
-5.484732,-6.534688,-5.454576,0,-2.321781,-0.484311,1.168529,0.724693
2.762557,5.300138,3.830431,1,9.736,-1.616522,0.7155617,0.9972659
4.344018,5.682926,4.44027,1,13.89663,0.3626936,2.414393,-1.092783
-3.286908,-2.709221,-1.668522,0,0.2195952,-0.8436997,0.9027705,0.5571867
-4.943245,-5.982938,-4.232377,0,-3.961322,0.3013479,-0.6242391,0.902631
-0.6826243,-0.3445178,-0.011897,0,-0.4639798,0.5416717,-0.9569883,-0.990877
-6.148891,-8.490325,-7.104078,0,-4.743252,-1.811029,0.1262689,1.180143
1.055897,2.67592,2.673053,1,4.500681,-0.3339198,-0.9610718,-0.4282077
-0.7623727,-2.266187,-1.283099,0,-1.960505,0.3994625,-1.707198,0.5661963
-1.626364,-1.424429,-2.224206,0,0.4525422,-0.3208178,-0.1734453,-1.140534
0.2416708,1.703398,0.960015,1,1.533507,-0.2072412,-1.030296,0.3430951
-1.237307,-1.008948,-1.680046,1,1.207262,-1.550398,0.7106976,-0.1005587
-1.609083,-1.356205,-2.12652,0,-1.293594,0.2102393,-1.45113,0.5555192
-1.137846,-1.251208,-0.9135763,0,0.4050576,0.0320503,0.6933471,1.147453
-5.359087,-7.619521,-7.304735,0,-3.487802,-0.9925932,1.759046,2.663868
-4.635847,-5.293729,-4.067205,0,-4.210239,-1.502385,-1.594555,-0.6601918
-1.252404,-0.3106535,-1.200333,1,-1.224397,-0.7989927,-0.5641562,1.222715
2.205149,2.958872,2.575959,1,6.507275,-1.326428,-0.1782597,0.5605315
-9.35963,-12.5609,-9.436758,0,-7.557167,0.6184578,0.2048942,-0.4692127
-0.5012783,-1.27789,-1.8148,0,-1.781397,0.9020872,-1.488723,-1.820911
-2.883244,-1.947655,-2.100322,0,0.5424618,-0.2850344,1.114285,1.048032
-0.845009,-2.110595,-1.134099,0,0.9191582,1.147414,0.4350064,-0.404153
1.340436,4.259563,2.597186,1,4.41516,0.4748437,-0.3914168,0.3934473
2.844635,3.959896,3.263338,1,5.88102,0.358696,-0.3994752,1.567114
1.46088,0.5225797,0.7677704,0,4.076747,-1.325437,0.8322631,-0.5106593
-0.2477901,-1.506258,-0.6197391,0,0.6099368,-0.0574248,0.1979789,-0.1919295
-1.175864,-1.333273,-0.7878683,0,3.496271,-2.015527,2.314867,-2.147431
1.269398,1.283244,1.048012,1,1.093252,-1.052783,-0.8392273,-0.7497396
-3.619457,-4.563764,-3.424768,0,-2.477346,1.309343,-0.470339,1.147764
-0.5338519,1.252358,1.061432,1,4.513021,1.858304,1.281651,0.6219112
-2.496012,-3.946346,-1.781385,0,-0.8512644,0.8630558,0.5886736,0.3915822
0.9781357,2.038496,0.7553709,1,3.072659,0.6147543,0.1968785,1.055492
-0.5897439,-0.9758379,-1.156604,1,-2.500849,-0.8863119,-1.559199,2.445578
1.505181,2.235346,1.364956,1,0.6606358,0.3562293,-1.310377,1.221234
-0.8044465,-0.738624,-1.193289,0,-0.5840046,0.1694286,-0.4859756,1.07207
0.9096326,0.518799,0.4411141,1,6.509817,-0.1970479,1.277274,0.0741241
-0.623703,-0.1943775,-0.574968,1,0.8839658,0.6537295,-0.2548955,0.6877875
1.098855,2.36387,1.911265,1,5.699816,-1.033095,0.3709838,0.1647974
-2.915396,-2.756565,-1.967153,0,-1.295489,0.5662427,0.1215098,0.5363225
5.071459,6.117491,4.288976,1,10.43299,-0.0925083,0.1615065,1.354517
-2.221759,-3.66908,-3.251072,0,-0.9448923,-1.205634,0.5668697,0.3882833
-0.5117204,-0.2695609,-0.5964372,0,0.3888542,-0.5280577,-0.1088427,0.0899815
1.822094,2.52436,2.229034,1,5.422284,1.148567,0.227183,-0.1432665
6.634063,8.744094,8.18586,1,12.02547,0.4669316,-1.361173,-0.6371979
-0.6345855,-1.20261,-1.404314,0,0.7823482,-0.3868033,0.596301,1.092253
-1.435294,-1.016464,-0.4641335,0,1.777309,-1.426437,1.257362,-0.9750884
-6.080946,-7.808006,-7.196863,0,-6.717294,-0.4238087,-1.010101,-1.833972
1.143894,3.173023,1.594889,1,7.218426,0.804436,0.7157943,-0.8846679
-5.549651,-5.504403,-4.753085,0,-3.956206,1.88391,-1.174047,0.0849016
-2.058106,-3.187835,-2.92985,0,0.0013284,0.2301153,-0.0792928,-0.857355
3.207115,4.540238,2.208073,1,6.669725,0.317701,0.1068609,-0.7608903
1.128416,1.851776,1.949892,0,2.66157,-0.2850219,-0.277679,-0.7557198
3.375621,6.192269,5.450784,1,11.99525,-0.6436048,0.9698376,-0.6409791
1.54646,2.346156,0.8117501,1,6.589733,0.0568936,1.551586,0.1907813
0.7100762,2.777784,1.735542,1,6.823969,-1.107064,1.157685,1.967407
1.077103,1.878408,1.035632,1,5.387745,-0.4158145,0.4312319,0.4655334
0.1532214,-0.65409,-0.4120445,0,-1.897309,0.052987,-1.990356,0.6236653
3.37968,4.60871,2.69874,1,9.479475,-0.2322937,0.685789,-0.4528249
2.737686,4.807895,2.392754,1,7.675282,0.3360521,-0.1546567,-0.5191928
2.540036,4.324452,2.708131,1,3.944136,0.3486918,-1.872195,0.3169183
3.186523,4.312149,3.162724,1,5.556734,1.23594,-0.6263005,0.1464839
-1.496169,-2.667491,-3.121264,0,0.6541364,-0.4978817,0.2461997,0.8002655
0.8906465,1.251753,1.149375,0,1.261352,-2.182941,-0.2089716,-0.2958464
0.1807033,0.0789636,-0.0211071,1,1.322231,-1.119431,-0.5168201,0.8494438
0.4030012,-0.7149984,1.095479,0,1.646861,-0.527294,0.94387,-0.7337871
0.6314335,0.4178194,0.5142984,0,0.602324,1.710266,-0.6401924,-0.1435068
-2.867999,-4.301238,-3.152854,0,-1.286908,0.9295111,-0.267652,0.2131689
1.669435,2.430279,2.449012,1,2.264041,1.976306,-1.202801,1.095116
-0.7587785,-0.5449256,-0.8795906,0,-0.1942219,-1.635255,-0.6138564,0.0155773
1.259616,2.292865,1.084559,1,3.425779,0.1386273,0.2799717,0.8725368
-0.3373514,0.2486188,-1.49306,0,0.8783206,0.1316099,-0.5402106,0.6091011
-0.7642071,-2.21561,-1.165974,0,1.514599,0.950946,0.2114476,-1.212486
0.9309573,2.185638,0.2493039,1,0.9020623,-0.0901769,-0.9184881,0.3419827
0.7343526,1.143691,-0.1095039,0,2.492726,-0.3621992,1.190345,0.2914883
0.8971508,-0.761714,-0.0537338,0,1.539541,2.521096,1.503074,-2.217987
-1.249685,-1.151871,-1.026466,0,-0.4302053,0.1944604,-0.6030228,0.4163931
-1.107538,-1.628872,-2.365294,0,0.1849722,1.144917,1.228259,0.2007405
-0.8015357,-0.8621192,-1.289553,0,-0.3001111,-0.1636976,-1.226627,-0.5191175
2.641066,4.45653,2.888951,1,9.983985,-0.4565,1.105428,-0.2464734
-2.726125,-3.025078,-2.91255,0,-1.97486,0.3221976,-0.416743,2.230135
-3.37848,-5.369474,-4.50952,0,-2.025344,0.0057388,0.849993,0.4437048
1.733969,3.674239,2.638999,1,6.503561,0.5523623,-0.3760873,-0.3468241
2.716832,5.473735,3.905923,1,8.485917,0.1587578,-0.052564,0.2926056
3.148067,3.772198,1.606087,1,10.36905,0.4078518,1.358656,0.3941695
1.668695,3.381433,2.20576,1,7.795965,-1.854275,0.6216313,-0.5410696
-1.085033,-0.8770273,-1.181719,0,2.909713,0.7985897,1.886121,-1.575781
0.8472431,3.68406,1.265634,1,6.083486,2.373471,1.110142,-0.3064277
-0.5816633,-0.3544509,-0.8176454,0,0.6734334,-0.9162986,-0.1052678,0.234108
2.445529,4.307167,2.896133,1,5.200953,-1.032136,-1.441521,0.1466919
3.503665,4.045827,3.570127,1,5.052255,0.2323439,-1.126011,0.0680972
-4.265715,-6.076305,-5.459099,0,-5.652259,0.6720341,-2.232979,-0.9233201
3.150113,4.76649,4.009007,1,11.14094,-0.2426292,1.523032,0.1398875
1.696095,2.408312,1.836755,0,2.698935,0.1164828,0.3048738,-0.236552
0.8293458,0.8438718,0.802313,0,3.353911,-1.380986,0.9580659,-0.8289819
-0.1482984,-0.6554614,-1.511721,0,0.0745019,-0.3848115,-0.0852081,0.4873642
-0.2850104,0.0754197,-1.778337,0,1.753959,-0.7196501,1.258665,-1.216894
1.357237,3.560197,2.768451,1,2.516665,0.791702,-1.682659,-1.970721
-2.54773,-2.84807,-2.155075,0,0.4893855,-0.0059027,1.68912,-1.840122
3.409689,6.032684,4.368228,1,5.601405,0.6187448,-1.678403,0.3404813
0.7071787,1.825945,1.751127,1,2.998928,0.8120009,-0.6991738,-1.416992
0.4637194,1.514506,-0.9456043,0,3.349594,-0.4249311,0.3150599,-1.350096
3.710436,3.614583,3.188683,1,10.4065,1.569703,1.0044,-0.5731481
6.508283,9.537114,7.445323,1,15.28318,-0.4083657,0.2749552,0.6690638
-2.446382,-0.6881484,-0.6961892,0,1.352265,0.1251216,1.170896,-1.948194
1.099131,2.447583,1.767847,1,2.847363,0.5852628,-1.135883,-0.6103825
-0.7026406,-0.329995,0.3845055,1,1.904519,-0.3475046,0.4365311,-1.545865
0.4583008,-0.5959165,-0.0471998,0,0.3117055,-1.514836,-1.593511,-0.9429377
0.6118788,-0.3685103,-0.5275332,0,0.631263,0.2322231,-0.0980345,0.0976056
-2.446756,-2.238146,-1.922971,0,-1.520765,2.545715,-0.4383538,1.079058
-3.191029,-3.307227,-3.17238,0,-2.22946,-0.1969664,-0.7883618,1.677936
2.030371,3.572998,2.433214,1,5.441916,-0.0105722,-0.5298443,-0.0554043
1.623672,2.579391,2.041951,1,6.676016,-0.2024325,1.10243,1.091192
-3.294834,-4.253104,-4.239583,0,-1.096475,-0.4552628,0.4852343,1.465669
-2.355903,-3.463657,-2.632819,0,-1.483494,0.2635115,-0.743094,1.41228
-2.330696,-4.379085,-4.148801,0,-0.0858034,0.0951297,1.291321,-1.790498
-0.018465,0.0719258,0.3239676,1,-0.7359806,-0.1276615,-1.226841,0.9716414
-0.5637944,-0.4318771,-1.51332,0,1.671081,-0.0337803,0.739319,0.6841429
3.067413,4.944016,2.302139,1,7.02883,1.667156,-0.4510187,0.1272645
-3.715685,-6.121163,-4.469771,0,-3.842036,0.2721038,-0.6051278,1.137913
0.1230657,0.3555633,-0.0199983,1,1.172093,-0.6358714,-0.4390898,-0.0451355
-3.145831,-4.120732,-3.007668,0,-3.719278,0.0751467,-2.165692,-0.3078043
1.759702,2.659325,3.127298,1,4.974575,1.151589,-0.082779,-0.5657514
0.0621163,-0.7650667,-1.362437,0,0.9528068,-1.495198,0.235765,0.5271338
0.7473118,2.62167,1.864522,1,7.422599,0.5711159,1.715492,1.498652
-4.349928,-4.728988,-4.321159,0,-3.648435,-1.108988,-0.8667353,1.456549
2.488312,3.356506,1.766701,1,5.024809,-0.3667326,-0.5683491,-0.2939973
-2.733666,-4.940217,-3.050155,0,-2.039603,0.4248588,-0.0483662,-1.521641
0.6464471,-0.4596471,-0.2679145,1,1.28957,0.2158225,-0.3281774,1.616387
-7.046916,-9.010345,-5.302862,0,-3.932244,0.5760411,0.5213521,-0.7720245
2.164514,3.452075,1.622135,1,7.51852,1.279104,0.0518246,0.6259395
-3.494917,-3.693274,-3.513034,0,0.2243713,0.3851607,1.418998,-1.33414
-0.3493015,-0.8224079,-0.286951,0,0.0800621,-0.989208,-0.3429902,0.4872693
-1.484091,-2.48022,-2.503155,0,-0.9472796,-0.7831343,0.1815832,0.1248294
-5.305052,-7.711195,-6.939829,0,-4.406993,-0.6595813,-0.2672049,-0.3510856
-0.6073447,0.6504937,-1.230251,0,2.436009,-0.1950836,2.060493,-1.838208
1.94793,2.407199,1.938202,1,0.5510154,0.9770485,-1.805716,-0.2411462
3.376124,5.385562,4.177589,1,9.979956,-1.015938,0.4659622,-0.4258663
0.2805863,1.056466,1.384395,1,0.1067896,2.106304,-0.970107,0.1217109
2.442572,4.501492,4.076451,1,11.75185,-0.7614337,1.81957,0.6011405
0.1043364,1.555133,0.5397608,0,2.355356,-0.1259516,-0.793516,-0.4232046
-2.964769,-2.794366,-2.350765,0,-0.5871089,0.4785771,-0.3899883,-1.841284
-1.222322,-1.649318,-1.943058,0,-1.674809,1.302489,-0.2760629,-0.3992136
-0.1995651,-0.9145873,-1.132712,1,4.511878,0.5175616,1.612327,0.7277521
-0.0520782,1.880264,1.431972,1,1.877339,-0.3605427,-1.490586,0.7056587
3.897232,5.781555,4.871006,1,12.69866,-0.654533,1.675854,-0.1951335
-1.173097,-2.919507,-3.157612,0,-0.9156432,1.549817,-0.2891963,-0.6261578
-3.477605,-5.837451,-3.542793,0,-3.137073,0.2671493,-0.5507876,-0.5470111
-0.8702009,-1.099766,1.304252,0,0.9543602,0.1856096,0.4789467,-1.449372
-0.2285891,-1.17179,-0.033528,0,0.537113,-0.6949994,0.4922901,-0.1312673
4.253888,7.627553,6.179011,1,13.33305,-0.2389009,0.591897,-1.027546
-0.6702109,-0.0505795,1.11667,0,2.357689,-1.037816,0.3858405,-0.9408027
0.6624792,1.305615,0.0566253,1,5.341222,-0.8021588,1.647545,-1.422771
4.920514,8.386921,5.775494,1,16.28705,1.989631,1.761186,-3.252147
4.96256,8.55334,6.301771,1,10.58737,0.1916962,-0.7506508,-0.8733966
-2.187025,-2.811842,-2.184,0,-0.8982518,-0.6540481,-0.3359816,0.8641618
2.938663,4.106785,3.864873,1,5.876134,2.349005,-0.2280441,0.4518438
0.9262475,1.653788,0.2351699,0,1.713835,-0.5780746,-0.6086434,-1.284691
-4.267466,-7.031263,-6.278759,0,-5.815828,0.2746996,-1.535381,0.0558742
-1.099205,-1.388656,-1.134319,0,0.0813485,-1.381078,-0.1521358,0.6514676
4.691951,6.200374,4.702582,1,8.454,0.9532832,-0.7611061,0.749163
-0.5832973,-0.8765858,-0.3199502,1,3.605827,-0.5500881,0.7226027,0.2763167
-4.896635,-6.439511,-5.698282,0,-1.81232,0.2624186,1.059547,0.7290626
-2.713199,-3.672646,-3.130934,0,-3.766998,0.2116328,-2.734571,1.425689
-1.719629,-3.0626,-3.215237,0,-0.788885,-1.508363,-0.2148973,-0.9818953
-0.4244981,-0.062775,0.1705122,1,-0.9859661,0.9962476,-1.345203,0.8850182
1.715494,3.2493,3.308408,1,4.723829,1.301904,-0.6842043,0.6168254
0.8432974,2.637781,1.387221,1,3.21945,0.4562604,-0.0926825,-0.5239312
4.261788,7.498325,4.432351,1,12.74688,-0.3897695,0.4916802,-0.8493399
-1.62133,-1.167612,-1.335816,0,1.414221,0.4799053,0.914145,-1.515925
2.068309,2.429655,1.908008,0,2.195682,1.006632,-0.2814159,-0.9675733
5.910214,8.303766,6.710762,1,10.8012,-0.9550059,-1.077964,1.638838
3.36695,4.714119,3.269095,1,8.724048,-0.8838709,0.4458696,0.7821491
-2.026663,-2.645416,-2.404854,0,-2.866766,0.9928229,-0.3960196,0.0157459
-1.340793,-1.451443,-1.357893,0,0.2596282,-0.2464831,0.6130786,-1.166225
0.658573,2.436129,-0.0260695,1,2.504403,0.6642894,-0.6141818,0.8433766
-0.4033103,0.8069083,1.001249,1,0.6512864,-1.30241,-0.8257417,0.942818
-0.1288628,0.6166466,-0.8593556,0,-0.6837372,0.4801582,-1.93726,-0.724637
2.314026,3.76321,3.508291,1,7.283942,-1.029906,-0.2376909,0.5163828
0.0040973,0.9502156,1.684509,0,0.9337996,-0.7225022,-1.350228,1.026288
4.71735,3.698117,4.497919,1,9.466339,2.184649,1.150925,-1.419045
-0.0733143,0.4864266,-0.2910438,0,-0.2683281,1.569763,-1.090623,-0.2124078
1.114441,0.4364412,0.2645396,1,1.017918,0.6676887,-1.275669,-0.7206677
0.6368294,-0.5089214,-0.4526736,0,1.468925,-0.4053553,0.8398221,0.8687925
-3.272959,-4.610185,-2.574464,0,-0.4615094,-0.6484125,0.7869833,0.4186813
0.4990917,1.544137,0.8552294,1,5.196698,0.248171,0.6285455,1.15324
-6.102165,-6.495646,-6.052914,0,-4.392375,-0.9787338,-1.276026,-0.5452967